SUPERBLOCK,1024,1000,1024,128,8192,1000,11
GROUP,0,1024,1000,641,752,3,4,5
BFREE,185
BFREE,186
BFREE,187
BFREE,188
BFREE,189
BFREE,190
BFREE,191
BFREE,192
BFREE,209
BFREE,210
BFREE,211
BFREE,212
BFREE,213
BFREE,214
BFREE,215
BFREE,216
BFREE,217
BFREE,218
BFREE,219
BFREE,220
BFREE,221
BFREE,222
BFREE,223
BFREE,224
BFREE,225
BFREE,226
BFREE,227
BFREE,228
BFREE,229
BFREE,230
BFREE,231
BFREE,232
BFREE,235
BFREE,236
BFREE,237
BFREE,238
BFREE,239
BFREE,240
IFREE,248
BFREE,249
BFREE,250
IFREE,250
BFREE,251
IFREE,251
BFREE,252
IFREE,252
BFREE,253
IFREE,253
BFREE,254
IFREE,254
BFREE,255
IFREE,255
BFREE,256
IFREE,256
IFREE,257
IFREE,258
IFREE,259
IFREE,260
BFREE,261
IFREE,261
BFREE,262
IFREE,262
BFREE,263
IFREE,263
BFREE,264
IFREE,264
BFREE,265
IFREE,265
BFREE,266
IFREE,266
BFREE,267
IFREE,267
BFREE,268
IFREE,268
BFREE,269
IFREE,269
BFREE,270
IFREE,270
BFREE,271
IFREE,271
BFREE,272
IFREE,272
BFREE,273
IFREE,273
IFREE,274
BFREE,275
IFREE,275
BFREE,276
IFREE,276
BFREE,277
IFREE,277
BFREE,278
IFREE,278
BFREE,279
IFREE,279
BFREE,280
IFREE,280
BFREE,281
IFREE,281
BFREE,282
IFREE,282
BFREE,283
IFREE,283
BFREE,284
IFREE,284
BFREE,285
IFREE,285
BFREE,286
IFREE,286
BFREE,287
IFREE,287
BFREE,288
IFREE,288
IFREE,289
IFREE,290
IFREE,291
IFREE,292
IFREE,293
IFREE,294
IFREE,295
IFREE,296
IFREE,297
IFREE,298
IFREE,299
IFREE,300
BFREE,301
IFREE,301
BFREE,302
IFREE,302
BFREE,303
IFREE,303
BFREE,304
IFREE,304
BFREE,305
IFREE,305
BFREE,306
IFREE,306
BFREE,307
IFREE,307
BFREE,308
IFREE,308
BFREE,309
IFREE,309
BFREE,310
IFREE,310
BFREE,311
IFREE,311
BFREE,312
IFREE,312
BFREE,313
IFREE,313
BFREE,314
IFREE,314
BFREE,315
IFREE,315
BFREE,316
IFREE,316
BFREE,317
IFREE,317
BFREE,318
IFREE,318
BFREE,319
IFREE,319
BFREE,320
IFREE,320
BFREE,321
IFREE,321
BFREE,322
IFREE,322
BFREE,323
IFREE,323
BFREE,324
IFREE,324
BFREE,325
IFREE,325
BFREE,326
IFREE,326
BFREE,327
IFREE,327
BFREE,328
IFREE,328
BFREE,329
IFREE,329
BFREE,330
IFREE,330
BFREE,331
IFREE,331
BFREE,332
IFREE,332
BFREE,333
IFREE,333
BFREE,334
IFREE,334
BFREE,335
IFREE,335
BFREE,336
IFREE,336
BFREE,337
IFREE,337
BFREE,338
IFREE,338
BFREE,339
IFREE,339
BFREE,340
IFREE,340
BFREE,341
IFREE,341
BFREE,342
IFREE,342
BFREE,343
IFREE,343
BFREE,344
IFREE,344
BFREE,345
IFREE,345
BFREE,346
IFREE,346
BFREE,347
IFREE,347
BFREE,348
IFREE,348
BFREE,349
IFREE,349
BFREE,350
IFREE,350
BFREE,351
IFREE,351
BFREE,352
IFREE,352
BFREE,353
IFREE,353
BFREE,354
IFREE,354
BFREE,355
IFREE,355
BFREE,356
IFREE,356
BFREE,357
IFREE,357
BFREE,358
IFREE,358
BFREE,359
IFREE,359
BFREE,360
IFREE,360
BFREE,361
IFREE,361
BFREE,362
IFREE,362
BFREE,363
IFREE,363
BFREE,364
IFREE,364
BFREE,365
IFREE,365
BFREE,366
IFREE,366
BFREE,367
IFREE,367
BFREE,368
IFREE,368
BFREE,369
IFREE,369
BFREE,370
IFREE,370
BFREE,371
IFREE,371
BFREE,372
IFREE,372
BFREE,373
IFREE,373
BFREE,374
IFREE,374
BFREE,375
IFREE,375
BFREE,376
IFREE,376
BFREE,377
IFREE,377
BFREE,378
IFREE,378
BFREE,379
IFREE,379
BFREE,380
IFREE,380
BFREE,381
IFREE,381
BFREE,382
IFREE,382
BFREE,383
IFREE,383
BFREE,384
IFREE,384
BFREE,385
IFREE,385
BFREE,386
IFREE,386
BFREE,387
IFREE,387
BFREE,388
IFREE,388
BFREE,389
IFREE,389
BFREE,390
IFREE,390
BFREE,391
IFREE,391
BFREE,392
IFREE,392
BFREE,393
IFREE,393
BFREE,394
IFREE,394
BFREE,395
IFREE,395
BFREE,396
IFREE,396
BFREE,397
IFREE,397
BFREE,398
IFREE,398
BFREE,399
IFREE,399
BFREE,400
IFREE,400
BFREE,401
IFREE,401
BFREE,402
IFREE,402
BFREE,403
IFREE,403
BFREE,404
IFREE,404
BFREE,405
IFREE,405
BFREE,406
IFREE,406
BFREE,407
IFREE,407
BFREE,408
IFREE,408
BFREE,409
IFREE,409
BFREE,410
IFREE,410
BFREE,411
IFREE,411
BFREE,412
IFREE,412
BFREE,413
IFREE,413
BFREE,414
IFREE,414
BFREE,415
IFREE,415
BFREE,416
IFREE,416
BFREE,417
IFREE,417
BFREE,418
IFREE,418
BFREE,419
IFREE,419
BFREE,420
IFREE,420
BFREE,421
IFREE,421
BFREE,422
IFREE,422
BFREE,423
IFREE,423
BFREE,424
IFREE,424
BFREE,425
IFREE,425
BFREE,426
IFREE,426
BFREE,427
IFREE,427
BFREE,428
IFREE,428
BFREE,429
IFREE,429
BFREE,430
IFREE,430
BFREE,431
IFREE,431
BFREE,432
IFREE,432
BFREE,433
IFREE,433
BFREE,434
IFREE,434
BFREE,435
IFREE,435
BFREE,436
IFREE,436
BFREE,437
IFREE,437
BFREE,438
IFREE,438
BFREE,439
IFREE,439
BFREE,440
IFREE,440
BFREE,441
IFREE,441
BFREE,442
IFREE,442
BFREE,443
IFREE,443
BFREE,444
IFREE,444
BFREE,445
IFREE,445
BFREE,446
IFREE,446
BFREE,447
IFREE,447
BFREE,448
IFREE,448
BFREE,449
IFREE,449
BFREE,450
IFREE,450
BFREE,451
IFREE,451
BFREE,452
IFREE,452
IFREE,453
IFREE,454
IFREE,455
IFREE,456
IFREE,457
IFREE,458
IFREE,459
IFREE,460
IFREE,461
IFREE,462
IFREE,463
IFREE,464
IFREE,465
IFREE,466
IFREE,467
IFREE,468
IFREE,469
IFREE,470
IFREE,471
IFREE,472
IFREE,473
IFREE,474
IFREE,475
IFREE,476
IFREE,477
IFREE,478
BFREE,479
IFREE,479
BFREE,480
IFREE,480
BFREE,481
IFREE,481
BFREE,482
IFREE,482
BFREE,483
IFREE,483
BFREE,484
IFREE,484
BFREE,485
IFREE,485
BFREE,486
IFREE,486
BFREE,487
IFREE,487
BFREE,488
IFREE,488
BFREE,489
IFREE,489
BFREE,490
IFREE,490
BFREE,491
IFREE,491
BFREE,492
IFREE,492
BFREE,493
IFREE,493
BFREE,494
IFREE,494
BFREE,495
IFREE,495
BFREE,496
IFREE,496
BFREE,497
IFREE,497
BFREE,498
IFREE,498
BFREE,499
IFREE,499
BFREE,500
IFREE,500
BFREE,501
IFREE,501
BFREE,502
IFREE,502
BFREE,503
IFREE,503
BFREE,504
IFREE,504
BFREE,505
IFREE,505
BFREE,506
IFREE,506
BFREE,507
IFREE,507
BFREE,508
IFREE,508
BFREE,509
IFREE,509
BFREE,510
IFREE,510
BFREE,511
IFREE,511
BFREE,512
IFREE,512
BFREE,513
IFREE,513
BFREE,514
IFREE,514
BFREE,515
IFREE,515
BFREE,516
IFREE,516
BFREE,517
IFREE,517
BFREE,518
IFREE,518
BFREE,519
IFREE,519
BFREE,520
IFREE,520
BFREE,521
IFREE,521
BFREE,522
IFREE,522
BFREE,523
IFREE,523
BFREE,524
IFREE,524
BFREE,525
IFREE,525
BFREE,526
IFREE,526
BFREE,527
IFREE,527
BFREE,528
IFREE,528
BFREE,529
IFREE,529
BFREE,530
IFREE,530
BFREE,531
IFREE,531
BFREE,532
IFREE,532
BFREE,533
IFREE,533
BFREE,534
IFREE,534
BFREE,535
IFREE,535
BFREE,536
IFREE,536
BFREE,537
IFREE,537
BFREE,538
IFREE,538
BFREE,539
IFREE,539
BFREE,540
IFREE,540
BFREE,541
IFREE,541
BFREE,542
IFREE,542
BFREE,543
IFREE,543
BFREE,544
IFREE,544
BFREE,545
IFREE,545
BFREE,546
IFREE,546
BFREE,547
IFREE,547
BFREE,548
IFREE,548
BFREE,549
IFREE,549
BFREE,550
IFREE,550
BFREE,551
IFREE,551
BFREE,552
IFREE,552
BFREE,553
IFREE,553
BFREE,554
IFREE,554
BFREE,555
IFREE,555
BFREE,556
IFREE,556
BFREE,557
IFREE,557
BFREE,558
IFREE,558
BFREE,559
IFREE,559
BFREE,560
IFREE,560
BFREE,561
IFREE,561
BFREE,562
IFREE,562
BFREE,563
IFREE,563
BFREE,564
IFREE,564
BFREE,565
IFREE,565
BFREE,566
IFREE,566
BFREE,567
IFREE,567
BFREE,568
IFREE,568
BFREE,569
IFREE,569
BFREE,570
IFREE,570
BFREE,571
IFREE,571
BFREE,572
IFREE,572
BFREE,573
IFREE,573
BFREE,574
IFREE,574
BFREE,575
IFREE,575
BFREE,576
IFREE,576
BFREE,577
IFREE,577
BFREE,578
IFREE,578
BFREE,579
IFREE,579
BFREE,580
IFREE,580
BFREE,581
IFREE,581
BFREE,582
IFREE,582
BFREE,583
IFREE,583
BFREE,584
IFREE,584
BFREE,585
IFREE,585
BFREE,586
IFREE,586
BFREE,587
IFREE,587
BFREE,588
IFREE,588
BFREE,589
IFREE,589
BFREE,590
IFREE,590
BFREE,591
IFREE,591
BFREE,592
IFREE,592
BFREE,593
IFREE,593
BFREE,594
IFREE,594
BFREE,595
IFREE,595
BFREE,596
IFREE,596
BFREE,597
IFREE,597
BFREE,598
IFREE,598
BFREE,599
IFREE,599
BFREE,600
IFREE,600
BFREE,601
IFREE,601
BFREE,602
IFREE,602
BFREE,603
IFREE,603
BFREE,604
IFREE,604
BFREE,605
IFREE,605
BFREE,606
IFREE,606
BFREE,607
IFREE,607
BFREE,608
IFREE,608
BFREE,609
IFREE,609
BFREE,610
IFREE,610
BFREE,611
IFREE,611
BFREE,612
IFREE,612
BFREE,613
IFREE,613
BFREE,614
IFREE,614
BFREE,615
IFREE,615
BFREE,616
IFREE,616
BFREE,617
IFREE,617
BFREE,618
IFREE,618
BFREE,619
IFREE,619
BFREE,620
IFREE,620
BFREE,621
IFREE,621
BFREE,622
IFREE,622
BFREE,623
IFREE,623
BFREE,624
IFREE,624
BFREE,625
IFREE,625
BFREE,626
IFREE,626
BFREE,627
IFREE,627
BFREE,628
IFREE,628
BFREE,629
IFREE,629
BFREE,630
IFREE,630
BFREE,631
IFREE,631
BFREE,632
IFREE,632
BFREE,633
IFREE,633
BFREE,634
IFREE,634
BFREE,635
IFREE,635
BFREE,636
IFREE,636
BFREE,637
IFREE,637
BFREE,638
IFREE,638
BFREE,639
IFREE,639
BFREE,640
IFREE,640
BFREE,641
IFREE,641
BFREE,642
IFREE,642
BFREE,643
IFREE,643
BFREE,644
IFREE,644
BFREE,645
IFREE,645
BFREE,646
IFREE,646
BFREE,647
IFREE,647
BFREE,648
IFREE,648
BFREE,649
IFREE,649
BFREE,650
IFREE,650
BFREE,651
IFREE,651
BFREE,652
IFREE,652
BFREE,653
IFREE,653
BFREE,654
IFREE,654
BFREE,655
IFREE,655
BFREE,656
IFREE,656
BFREE,657
IFREE,657
BFREE,658
IFREE,658
BFREE,659
IFREE,659
BFREE,660
IFREE,660
BFREE,661
IFREE,661
BFREE,662
IFREE,662
BFREE,663
IFREE,663
BFREE,664
IFREE,664
IFREE,665
IFREE,666
IFREE,667
IFREE,668
IFREE,669
IFREE,670
IFREE,671
IFREE,672
IFREE,673
IFREE,674
IFREE,675
IFREE,676
IFREE,677
IFREE,678
IFREE,679
IFREE,680
IFREE,681
IFREE,682
IFREE,683
IFREE,684
IFREE,685
IFREE,686
IFREE,687
IFREE,688
BFREE,689
IFREE,689
BFREE,690
IFREE,690
BFREE,691
IFREE,691
BFREE,692
IFREE,692
BFREE,693
IFREE,693
BFREE,694
IFREE,694
BFREE,695
IFREE,695
BFREE,696
IFREE,696
BFREE,697
IFREE,697
BFREE,698
IFREE,698
BFREE,699
IFREE,699
BFREE,700
IFREE,700
BFREE,701
IFREE,701
BFREE,702
IFREE,702
BFREE,703
IFREE,703
BFREE,704
IFREE,704
BFREE,705
IFREE,705
BFREE,706
IFREE,706
BFREE,707
IFREE,707
BFREE,708
IFREE,708
BFREE,709
IFREE,709
BFREE,710
IFREE,710
BFREE,711
IFREE,711
BFREE,712
IFREE,712
BFREE,713
IFREE,713
BFREE,714
IFREE,714
BFREE,715
IFREE,715
BFREE,716
IFREE,716
IFREE,717
IFREE,718
IFREE,719
IFREE,720
BFREE,721
IFREE,721
BFREE,722
IFREE,722
BFREE,723
IFREE,723
BFREE,724
IFREE,724
BFREE,725
IFREE,725
BFREE,726
IFREE,726
BFREE,727
IFREE,727
BFREE,728
IFREE,728
BFREE,729
IFREE,729
BFREE,730
IFREE,730
BFREE,731
IFREE,731
BFREE,732
IFREE,732
BFREE,733
IFREE,733
BFREE,734
IFREE,734
BFREE,735
IFREE,735
BFREE,736
IFREE,736
BFREE,737
IFREE,737
BFREE,738
IFREE,738
BFREE,739
IFREE,739
BFREE,740
IFREE,740
BFREE,741
IFREE,741
BFREE,742
IFREE,742
BFREE,743
IFREE,743
BFREE,744
IFREE,744
BFREE,745
IFREE,745
BFREE,746
IFREE,746
BFREE,747
IFREE,747
BFREE,748
IFREE,748
BFREE,749
IFREE,749
BFREE,750
IFREE,750
BFREE,751
IFREE,751
BFREE,752
IFREE,752
BFREE,753
IFREE,753
BFREE,754
IFREE,754
BFREE,755
IFREE,755
BFREE,756
IFREE,756
BFREE,757
IFREE,757
BFREE,758
IFREE,758
BFREE,759
IFREE,759
BFREE,760
IFREE,760
BFREE,761
IFREE,761
BFREE,762
IFREE,762
BFREE,763
IFREE,763
BFREE,764
IFREE,764
BFREE,765
IFREE,765
BFREE,766
IFREE,766
BFREE,767
IFREE,767
BFREE,768
IFREE,768
BFREE,769
IFREE,769
BFREE,770
IFREE,770
BFREE,771
IFREE,771
BFREE,772
IFREE,772
BFREE,773
IFREE,773
BFREE,774
IFREE,774
BFREE,775
IFREE,775
BFREE,776
IFREE,776
BFREE,777
IFREE,777
BFREE,778
IFREE,778
BFREE,779
IFREE,779
BFREE,780
IFREE,780
BFREE,781
IFREE,781
BFREE,782
IFREE,782
BFREE,783
IFREE,783
BFREE,784
IFREE,784
BFREE,785
IFREE,785
BFREE,786
IFREE,786
BFREE,787
IFREE,787
BFREE,788
IFREE,788
BFREE,789
IFREE,789
BFREE,790
IFREE,790
BFREE,791
IFREE,791
BFREE,792
IFREE,792
BFREE,793
IFREE,793
BFREE,794
IFREE,794
BFREE,795
IFREE,795
BFREE,796
IFREE,796
BFREE,797
IFREE,797
BFREE,798
IFREE,798
BFREE,799
IFREE,799
BFREE,800
IFREE,800
BFREE,801
IFREE,801
BFREE,802
IFREE,802
BFREE,803
IFREE,803
BFREE,804
IFREE,804
BFREE,805
IFREE,805
BFREE,806
IFREE,806
BFREE,807
IFREE,807
BFREE,808
IFREE,808
BFREE,809
IFREE,809
BFREE,810
IFREE,810
BFREE,811
IFREE,811
BFREE,812
IFREE,812
BFREE,813
IFREE,813
BFREE,814
IFREE,814
BFREE,815
IFREE,815
BFREE,816
IFREE,816
BFREE,817
IFREE,817
BFREE,818
IFREE,818
BFREE,819
IFREE,819
BFREE,820
IFREE,820
BFREE,821
IFREE,821
BFREE,822
IFREE,822
BFREE,823
IFREE,823
BFREE,824
IFREE,824
BFREE,825
IFREE,825
BFREE,826
IFREE,826
BFREE,827
IFREE,827
BFREE,828
IFREE,828
BFREE,829
IFREE,829
BFREE,830
IFREE,830
BFREE,831
IFREE,831
BFREE,832
IFREE,832
BFREE,833
IFREE,833
BFREE,834
IFREE,834
BFREE,835
IFREE,835
BFREE,836
IFREE,836
BFREE,837
IFREE,837
BFREE,838
IFREE,838
BFREE,839
IFREE,839
BFREE,840
IFREE,840
BFREE,841
IFREE,841
BFREE,842
IFREE,842
BFREE,843
IFREE,843
BFREE,844
IFREE,844
BFREE,845
IFREE,845
BFREE,846
IFREE,846
BFREE,847
IFREE,847
BFREE,848
IFREE,848
BFREE,849
IFREE,849
BFREE,850
IFREE,850
BFREE,851
IFREE,851
BFREE,852
IFREE,852
BFREE,853
IFREE,853
BFREE,854
IFREE,854
BFREE,855
IFREE,855
BFREE,856
IFREE,856
BFREE,857
IFREE,857
BFREE,858
IFREE,858
BFREE,859
IFREE,859
BFREE,860
IFREE,860
BFREE,861
IFREE,861
BFREE,862
IFREE,862
BFREE,863
IFREE,863
BFREE,864
IFREE,864
BFREE,865
IFREE,865
BFREE,866
IFREE,866
BFREE,867
IFREE,867
BFREE,868
IFREE,868
BFREE,869
IFREE,869
BFREE,870
IFREE,870
BFREE,871
IFREE,871
BFREE,872
IFREE,872
BFREE,873
IFREE,873
BFREE,874
IFREE,874
BFREE,875
IFREE,875
BFREE,876
IFREE,876
BFREE,877
IFREE,877
BFREE,878
IFREE,878
BFREE,879
IFREE,879
BFREE,880
IFREE,880
BFREE,881
IFREE,881
BFREE,882
IFREE,882
BFREE,883
IFREE,883
BFREE,884
IFREE,884
BFREE,885
IFREE,885
BFREE,886
IFREE,886
BFREE,887
IFREE,887
BFREE,888
IFREE,888
BFREE,889
IFREE,889
BFREE,890
IFREE,890
BFREE,891
IFREE,891
BFREE,892
IFREE,892
BFREE,893
IFREE,893
BFREE,894
IFREE,894
BFREE,895
IFREE,895
BFREE,896
IFREE,896
BFREE,897
IFREE,897
BFREE,898
IFREE,898
BFREE,899
IFREE,899
BFREE,900
IFREE,900
BFREE,901
IFREE,901
BFREE,902
IFREE,902
BFREE,903
IFREE,903
BFREE,904
IFREE,904
BFREE,905
IFREE,905
BFREE,906
IFREE,906
BFREE,907
IFREE,907
BFREE,908
IFREE,908
BFREE,909
IFREE,909
BFREE,910
IFREE,910
BFREE,911
IFREE,911
BFREE,912
IFREE,912
BFREE,913
IFREE,913
BFREE,914
IFREE,914
BFREE,915
IFREE,915
BFREE,916
IFREE,916
BFREE,917
IFREE,917
BFREE,918
IFREE,918
BFREE,919
IFREE,919
BFREE,920
IFREE,920
BFREE,921
IFREE,921
BFREE,922
IFREE,922
IFREE,923
IFREE,924
IFREE,925
IFREE,926
IFREE,927
IFREE,928
IFREE,929
IFREE,930
IFREE,931
IFREE,932
IFREE,933
IFREE,934
IFREE,935
IFREE,936
IFREE,937
IFREE,938
IFREE,939
IFREE,940
IFREE,941
IFREE,942
IFREE,943
IFREE,944
IFREE,945
IFREE,946
IFREE,947
IFREE,948
IFREE,949
IFREE,950
IFREE,951
IFREE,952
IFREE,953
IFREE,954
IFREE,955
IFREE,956
IFREE,957
IFREE,958
IFREE,959
IFREE,960
IFREE,961
IFREE,962
IFREE,963
IFREE,964
IFREE,965
IFREE,966
IFREE,967
IFREE,968
IFREE,969
IFREE,970
IFREE,971
IFREE,972
IFREE,973
IFREE,974
IFREE,975
IFREE,976
IFREE,977
IFREE,978
IFREE,979
IFREE,980
IFREE,981
IFREE,982
IFREE,983
IFREE,984
IFREE,985
IFREE,986
IFREE,987
IFREE,988
IFREE,989
IFREE,990
IFREE,991
IFREE,992
IFREE,993
IFREE,994
IFREE,995
IFREE,996
IFREE,997
IFREE,998
IFREE,999
IFREE,1000
INODE,2,d,755,1028,0,4,03/12/17 00:01:41,03/12/17 00:01:41,03/12/17 00:01:13,1024,2,130,0,0,0,0,0,0,0,0,0,0,0,0,0,0
DIRENT,2,0,2,12,1,'.'
DIRENT,2,12,2,12,2,'..'
DIRENT,2,24,11,20,10,'lost+found'
DIRENT,2,44,12,980,5,'DIR_1'
INODE,11,d,700,1028,0,2,03/12/17 00:01:13,03/12/17 00:01:13,03/12/17 00:01:13,12288,24,131,132,133,134,135,136,137,138,139,140,141,142,0,0,0
DIRENT,11,0,11,12,1,'.'
DIRENT,11,12,2,1012,2,'..'
INODE,12,d,775,1028,1028,5,03/12/17 00:01:42,03/12/17 00:01:42,03/12/17 00:01:41,1024,2,143,0,0,0,0,0,0,0,0,0,0,0,0,0,0
DIRENT,12,0,12,12,1,'.'
DIRENT,12,12,2,12,2,'..'
DIRENT,12,24,13,16,5,'DIR_2'
DIRENT,12,40,85,16,6,'DIR_83'
DIRENT,12,56,166,968,7,'DIR_171'
INODE,13,d,775,1028,1028,7,03/12/17 00:01:41,03/12/17 00:01:41,03/12/17 00:01:41,1024,2,144,0,0,0,0,0,0,0,0,0,0,0,0,0,0
DIRENT,13,0,13,12,1,'.'
DIRENT,13,12,12,12,2,'..'
DIRENT,13,24,14,16,5,'DIR_3'
DIRENT,13,40,17,16,6,'DIR_65'
DIRENT,13,56,58,16,6,'DIR_69'
DIRENT,13,72,75,28,19,'DIR_6EhKcXyT3jDhCr5'
DIRENT,13,100,76,924,6,'DIR_77'
INODE,14,d,775,1028,1028,2,03/12/17 00:01:41,03/12/17 00:01:41,03/12/17 00:01:41,21504,44,1017,1018,1019,1020,1021,1022,1023,1009,1010,1011,1012,1013,1014,0,0
DIRENT,14,0,14,12,1,'.'
DIRENT,14,12,13,1012,2,'..'
DIRENT,14,1024,39,1024,225,'LONGNAME_27_XxWg9VUqUlVXvC2Uf18buzgSMBe_9wF9U_K3AtoBrLN6.aUIbo2iRMVkdVJQ1AeLeD9IZ8fAhO_Ekt1kcLB-hGKhgHoHPOVVMJcEf.y4nHwlnlxPKbft7u2kBYVDVz5paKATyol-FFfAKhuQVmKxHv1o12tWmt7NkSTnU6DPXvlU.XvDN3v9BLPObv0jLoP6dg-VEx83w73lKhClMipIJ'
DIRENT,14,2048,18,1024,225,'LONGNAME_6_DbI4aOYijqVAas2L9deUZ3_HCw34qKnLtnia7q4ul.l5P7k7b8oyxcOc7u6Gm0owRoAxtCsERCIkvs_i.k.stD91f23UeHm91icvva4hlAieZr4hCcGkKW70JlPpmO3NLAcm2tNL26Uo6VZ3-67s3ewv.pbp_Xsx-FHCVK7z4r4d.f025nox3vwz0q-HmuEsc_cUK6-P5r6VpuNnkravME'
DIRENT,14,3072,16,236,225,'LONGNAME_4_jrfeI_B6h29VHHEM6IhEyZc-htHchjDiEhUHzmjFDhF4-0N4_Y-h4wy0.._xJWqhXh7kBC915VWeN20fG4bG_Awm6.mk3-PrjdbMrUYPgIVdn8_qrh-GnHzVhGF7Ry7A31OdIYD_BtW46Y5H8Ln8BXZjdSVnAQHMaQnrB1rnskOb.prPG_kIs1BvL4UGa.ziJpXWpW3G9RXSXSlkXAk5ws'
DIRENT,14,3308,29,236,225,'LONGNAME_17_fKSz.mViQww24L-68Rj4Zs12LEIS2D16CEE66byqgmM5NZEu.DpC.WzaEcjPBJjX15UNtbK9fNpJMHgs44VYfm6CBpwptc8Yf7P5ZKbgC2i5UEehaDBU11Kn1mNiGVe45OhzzFLoq3iRdz5PQG6JqoI2K9x9lWF_dDumLpztal3h-acxSxZ7zVhDHiSh5fnvyzZJpkX-.tkii7sA.c2Vl'
DIRENT,14,3544,41,236,225,'LONGNAME_29_5w83cujEJ_7.pvRw7fDgO9JmWqy0E7EJs-znb800RYy3Y7NqT0sdfMgWs9zIyrpXNzJ75yW.Z3AP8tw38ogctlNO3Ulg42BY_2vq26Rthlby-p4t9Q4hsPS7poY2y9ePkMFvoJ58QsqhUp1B4G1wVRiIhKu0o-TQ-plm1CkUUuIDuYpfjscp-n.-mwdMsZiK3HomOfGNq9l.6NvTJgiQW'
DIRENT,14,3780,52,316,225,'LONGNAME_40_J6YX3IIGfO-WGoHeKTCx807tJ7PO-MNDE-bmMH3RjAqa7x1upOawoAsqeFCWFD6okLQtKObJwB.blTTEdd46GK5jfg2YkBD_kAxxbth7hcVdpIopJMcFvPDUw4vmd5TseZmpHJvlvs0a2MUvtJEBc_1Z-j7K2rgOowlao1Fz5-LOHPmMyJ9W6.ToL1aNoVEa8pYYksJIfWzVTJ2WPYQXn'
DIRENT,14,4096,15,236,225,'LONGNAME_3_vELTXZzQ-WXXY.0SYEg9.hvJAje4ATKqZ4jDbdooYPvCQY3J90rB2bF458ZVtgEbO24aggS4nEhJQP_7mBPc6LaXwG0ddVopYFdke1MjXt_JPvzfAwmwRYXyqBsfUZa.ijgh3pfqwU5JyZ1v2xmI5bgRuY8qfGjv8cs5gU.sUIMBJRBqTv1wA0BrsuPpUEsjP3eZIISlKCA_m4FpsG3xF3'
DIRENT,14,4332,20,236,225,'LONGNAME_8_JyC5.KMa7jVITnNtgG3R41sd_I-SmPfc4UtZG8KbB3ADw1lOdnNOsSoMxtavHoYkr8DKuswtfJO9NBBDx_N1HQR-Vftkq7Bs9n5BT1rzYfmrruxAjGedrGZkO9we88bkhTFDj-ctPCnrP0D2vT4kr3VD8sPYy4.IdiRucXOYEVJnExrG.M75UMEH-IMh77ftF.hzOvM-3QHV_A.e0N_xpI'
DIRENT,14,4568,43,236,225,'LONGNAME_31_OmSLcytPSpBC9-9IcHoObZ-y8KDK9GDJ2_rwF_Cnhee.xu3urDA78I315OhdKnf6l.40OpFJHYATg8ycJTAzyZtb6drnkJQQ9kEmipG5wyPX0Q5l4CAOZtq.duxifw2zmOjGteBsZHl_oNoptdrAMGThPgkrDhU_vduI86-oaoc_eWJo9MwbJsuDnYCB1usGL2O7DVWDym_fpCNP2xvPC'
DIRENT,14,4804,60,316,225,'LONGNAME_48_m030uCzp4tCDU610MLX8EJ1JGJMNU5xPwESepb0FlSem2oOp5ebeN9T_O6Ijg.iwRZFUz0ZiyaWUevUt.25DT4hdk7bTip.O5978oyqRn5SGruvsVtcFZkENcQ1r08Zl4Ilc97Xmu1j6WXQsX5Uamybx19m2khUxzohyjWJGh9JVuLjQsQT0Njeydu-jWGHbMme2vr_k8.ik5sQS2lJvC'
DIRENT,14,5120,24,236,225,'LONGNAME_12_xOLVeP7bHGO.UfEdg84QX3xi3QZ7rE-txw8lYjQqUc0LwErSY6L29ybZfBTSE9uHoq4OoDeLe--KNNyzM.RQdx6IdTA3Zl1wR0JiQGMeBr6okgBfrIl07Vt-ulj3sKea8GYeEe2xhDdISBtCrI1YpY-x_c4A8jwtk3i1NNTOmiaq7upxuR09FSfHSR2EBg4qHcbDt_nVlT2Q6EZgKgrI6'
DIRENT,14,5356,50,236,225,'LONGNAME_38_cxOE-N.V51WGu6-JJ2W-9B2-gxqqXo.ZC7gtyje_8JF7Kka-AXSsYyCyTrKNL1GPRq0SnyVDX9JAfUZBDfd14zs.JSSy7gJE-3u7-5DnV4KBs3uO6IJLARsZoDnVFwiWvSf3dn3m2Vm_ieZ9wA-86T8NYGxnVPeAEE6VC.oHP70yQZa3LGfMCBiFhdrprr5c6x7kM0-ov8wEVYNSNRrcA'
DIRENT,14,5592,56,236,225,'LONGNAME_44_lulyA5jlAtnJWEsqnHvVNXwYSl5fV_YEBcYBKuUYW4Uf-30-f_V0.9pWMypbBv6PGKqcMsSRm6I0qQZYMgPQR1Trk_0UZZDdDss6EeMQlWYVi04V3XDJtYvpNTA-MOPJrNQu38XufhvHb9cdSqi-Bx-kHpRRyMQI7PALUGCbjplkBA9ucWZ4f.W8N3Bc.0HJr6Y3oLJzWvbN0MbEjgGkY'
DIRENT,14,5828,67,316,225,'LONGNAME_56_Mpa0NaS4G.zlEUpho1DUWyxH211F_ZmHpRJnYQZe9DzrJka1_5KXAwuxMGbrmr8uHTy.YuDyMKa5MWsR92Yuzlto.8o9Hhctt95hD6l-YjgXjw._6rGKh-Jf.M8b1P-EJ9QDZuptkz2eaXqM5gbbNdIdNCJEMBdn8OdPkIxpqC0mHZ3CXHmLSv31DZ_BpwiitqLrM53oL8H.S_5QKS6ug'
DIRENT,14,6144,19,236,225,'LONGNAME_7_mdddmj_BlizwakUlFdCfXRZ1A0Lsl3ARAmgD1ykHr7xnNMalbS7euV2N7vSpPfg8-BQ5igS-PXUVyp7smaFICkbiu3ZYRtM3R5vI0gZcnDr6_kFBxob52uRe-bYvXjLU8aMn-QfR1OJRLV5.tvX1vdzAgJWQ8CLC94KxT6rnBn2_5W25JKlOR5-bpkhH-HPJPkAqBsVaG.rkYnImLnupiL'
DIRENT,14,6380,36,788,225,'LONGNAME_24_MjC3bZgMy3yNyGJaXs-q.BdKcE1vG.lRItGWCWlZu.OpsCz02kSHXnuQaGBfgaRjGu08zy5ZAwJggpudT8RlsiIMn.aUQ9ByDMDtIMuLAvRCO2IjP-SXgSwJ7VhGl6irtdtHWALsyTPeojZE1GT3OlUefj1Q8PXLQSkHDi6B12XpcWyVYip_UVTPZLj9lgs-58e9AoUrZK0tInYYFZRBH'
DIRENT,14,7168,25,236,225,'LONGNAME_13_fY-IymCYnij5rrZRrDr7.MuLSL10WGvrIBLPeIk9JKDbC7GhRXSRvF3xinPUKlmTilp0Akj17F_7_z.TOikZv00ze.j.u83nYg55RhY5FznVfzznEX3AoEfTFVS3dQJXG1Elz5.yCSCb5fYyS_E5dAZrEQxJYzO27KE2380Wu7FePcBHkDXtMwzaf_gKDqUT3biMdxuIUYwHdBf94.zWW'
DIRENT,14,7404,23,472,225,'LONGNAME_11_lbPzrC1LS_b-POgoJLkVReSMZ.D6OmEX.EdinPcQYGeaoNERLw5JykY3J1qlhlJvqBlqQaA5q5iafvRiKPYP37YI5pmYLQ5oK9Fyf0OUGXVS6L-kSQAug8f_0DHuWmjD5ZeeSJT9jcMpl45oPeEMAPlJtir3ST5YPFNnWNfz4NAiVCM7EI.GQ-0d9r.NEqTqiAYsoVE1cts-4Db.OPv0y'
DIRENT,14,7876,71,316,7,'LINK_62'
DIRENT,14,8192,31,236,225,'LONGNAME_19__NQAmtKrsAE82Ht_-_Bpwj_PHaGpuEehc.LWR-94d-RtuIov8r1TsV82DbM9UQdBT0xn6YQJEIW528JJHgR2pgXijUbleuiKoiHPRbatzz9ZSPmZsWlAIKi1wxMcWklOKBgWPPOhj-4Th4Ru8_lM0HGAju5HDmXdNKn9bI4m6aGh3p67PsidkMlZlyVLGqws_NEY64JkGWHvAb8qOaOT7'
DIRENT,14,8428,37,788,225,'LONGNAME_25_jLnSrv58pxEcHqbwRn5oKmCDtGIl-xKqwxgzOfGMfUnY_gW1EbXQChTTuTRK50_b.38J.T-CZtHruK3gpPsPP..DvgQg.apzbKr04Kal78nn.x7pZ1orfMDTnQcDWXUzp.5PGrxYoOrCeLHZg5_iUlweMOxiXQ0fUXAldLNY22jP5UBUIhxDKVwU5WHpgK2W1m0x5YzyfVQTIhZLAGy6J'
DIRENT,14,9216,22,236,225,'LONGNAME_10_T0Fx.xkgxrrv6-_Vo7EjI_loIiWINccMAmIabvuRJIVYZ8tRIsHeGTtk3amX_xDDFBlI1T7EQQvYtglZEoOXlCXPygtxnhCZGzj9ppclDrcpsajLl77ezULjrwglYLv69AsHFOyypfKrXvJU6ChFCxKa-tp5BChLR3rR13SevNQN4lR8HyIcgRzDd6gRDrg_eQCXQcWdoLGiVvNbEbaVB'
DIRENT,14,9452,32,236,225,'LONGNAME_20_hTR29mD23YQb6cB2OKEd1qPyCe6Xs.X3jnR4HlqwCE04mlvShdAG8jtLKVSiVgGj6_1NF7KPjxuyqs8R5sL_YrXHEkroiQi2ig4YflSj-nbD1uFH_Nnk4tCjxxK.-O8dCZuYfoX-rA.DpUKG_a63_Jtt1fqzeum-ibc3UJ1E_mKFc8NiaKYfYnrl.R6MF9dzPTtwhi3h3Immbu1F7csCi'
DIRENT,14,9688,63,236,225,'LONGNAME_51_fUDS6wJXFqIpmEcu8r08Fyb9_eLqcaO8SXKLGfdWRUp2OIrObIScWZRJ2MZjM1J02yjYZ-ptBdK1j-9H8nlV03HOcVVamlDfv.OoLAv0eQRhxx0XOf1a5PF.K28puW3ZVngDCO6ZpdvtTVG6mMUf47MQfSs6mTPaKjDDovc3UK-pBQRjc0iXK9Nm3lWSWACWK-rMvmAYPBLjfg5_hk-NS'
DIRENT,14,9924,64,16,7,'LINK_54'
DIRENT,14,9940,72,300,225,'LONGNAME_62_ZmzyNartgWNVQfaFOkp4LYxYJEyT_2aP.JxJvzDHzoKWWpmsllL8BcvgB.egYgj8rDng6lKv_3nH8wWCkt_x.pwD4lPDNdDbg3vzj1PU4_EdIR9FfBza3tQca0bJen1scM5Ea9Iu1kuRAGA6FVlhxxgHv.zbzb.j_8I1QVCy6QHFmU7rQrZblBJayLvhL-Ioptn2.M7ngdd8f9gxza_rl'
DIRENT,14,10240,38,236,225,'LONGNAME_26_-LhWBOxOqfLa0ylJzDi8s5rzSu8-QfGzqR0.jBIEJZoh3M7Wk4PURxl6_soQdIYZ8dBiUOveMkp8Rv4xDfFmc2.B26l2We8b_gquF_lqAS_eAoOWZ.iD7NpWgb-X41jgqVX3ChICOGR1vPc7ir_hN-qWHpyAV3Gy6O1llR2Sl1HwBYedLf3m98h1HW4y8lz2p_zgjnonYp8wKei0su2eW'
DIRENT,14,10476,35,788,225,'LONGNAME_23_WwjeV3e_tNnE0hmxRq8MFlBv8tsFFHLuEtEFXve4UaUdX6jYgvXWLa6TNL34MlayAvzjj-1U9bTuDcoTinAS6K0_nTwMEO-RE50cL0s0S3gPFbCkI1.sfN6CSujIB8zdbIiOYbigbzy17VRy9jo.EaC-TD.gyJEMOiE_Al81yl5lkHw0hFj.2kZnrJSGJTxRsrbp3kyvQxLZ5j-yqTFQx'
DIRENT,14,11264,40,236,225,'LONGNAME_28_R9-_olrRPb7zOQ8jbzCljqy71a6w.3f5miZOBiodr8yPl.iManLDyyCYIiwb5YWt2W_wkbvVAsf3vtYd_uLdXKC0UfAMKs5aYzq1SCkHo6fzvopFdSH7eLl83muIvZb1dovWTof4ZCIEaDTr9E8maMjejAv662E1frXE_hNeMS03bzndYejjYo.2T3LZ9wC8NEPF5O.kksE1i9.V3OENy'
DIRENT,14,11500,45,788,225,'LONGNAME_33_0wOBxlMqmnU5atsQQRgP-olvjyxPGQeGqg4He5vMmNOG5SDcUnpflprfa1Wlv77GLQxHED.rTTB.gD4NjqcUVtL3Ixw.9iL5.byeA8hDHDL64DtjGB2y6K2uAWpyBXAqgCyW6IyzN.Que4oBn.f9XYaNN9nt9-M8UrHPZk9GhdHa3p.B6n030CjHlVb.pUNyc9e5Sn-hO6rQdgWqu.qoW'
DIRENT,14,12288,21,236,225,'LONGNAME_9_3aTBe9MyRwy3jCH0pDD1eUioLWSQtiqTFBywZap3HRUYRvG4MbGJ_J7-Raoa-TAqWK9VYHDqsG4EjZIQ0PXhx.WAS1b1ZujOym6PJnS.UQVIc_sbjau_dfmzSxFN_t8ElysilompqRYeT._b1WMP19r1LH.Gp522Y34k4JfCSxZ8Ruz.D7ELtJhQOyX-CSlNvYvKeHV0hyjRiTE4_ei62c'
DIRENT,14,12524,64,788,225,'LONGNAME_52_gG8NjlPc05j4fjO8erViS0gLLCOCk8TfNtMn3Ze96_VAK9lNPW-XUZ8s0SE8-lvn9tJM_1rF.OAc5XViUmet2gyQkB5xkqJ6TAlLXgc2nZG34bR619NFRIU65SoDOZHD-wAwj61WOBHyBmHumMtHnZM6R1XxL.YkspUDR2m4PZquokPz-ZaYIL7yF66RYHdGzgyIFz4M9kIqLEKJo2l6e'
INDIRECT,14,1,12,1014,1015
DIRENT,14,13548,27,24,15,'[b.3DVN1LEigmYN'
DIRENT,14,13572,65,236,225,'LONGNAME_54_5a0UH5k.aV2-JPyjVMboKslnfm38bvw5AEFmriGR_0G911VtyZuKrhra7r.AWuqT87M0hpujD7pyzByo5L8RYpCYgXDk5vH6QNpw6KdSSJ-AVpCpauLnxqWPdnREpHtPgRt2Dubf0zq1X.2NneId2fxT-at1Vnt46Ei1x54-jGzNbOhb5V-Rc7U3KnLlnBxf65N97eUcykCBjalyijLXa'
DIRENT,14,13808,69,236,225,'LONGNAME_58_jIAlqQz.C3.uQ-LL1J5ZMAK-rEeP5r0JqHZhmkS.vk0lPDIm6y.CzxDTVGhbhm-QCNY3Fmr.3Qh45stXhOCOXT1w.tT_d6vcXY7.wkOaet7I4zYrliiOHFh9qnGUCCc11IVwcqxKm1af_i67C3grRhovIaoneI5VIoGFckvl4C1h8VV-UkB6-RxnPbgUBwDN2GhefV3XSgMK8TaOOS66I'
DIRENT,14,14044,70,292,225,'LONGNAME_59_ZjeCT3wq8XpMWRchqDc1P8qHZdxwqU9s4UAEyTL4kx6tUQcQZeFOHxrfAEk1eCJDqQOKsC7wv6UNq3GKaIiDcrK7h_8Qqi-GzIkEKU86BFPdusTcOttn-YoAP52HeRQU.k2sAf3lnrg9.XY_ylqxhw-sT8G8cIf.xJzHJBJkFnxN94Go3LKC9KM8ygvWk1ISSNk3n1gN54MBnffcP0xb4'
INDIRECT,14,1,13,1014,1016
DIRENT,14,14336,53,236,225,'LONGNAME_41_TzP9mX3nnXRKM40cA8_BMPY-HHIdDUvb1GJwXo-pISPh36ks7mNhLUWM1QgiREsk_gT4nP9K_9AFmuRG.AtLmZp-5z-xWk24QfcxUHjQO8EhGSkwPhQKmEBo9i6sT9Qq9F.UP30KzvZ1ebsjrvnNUNkT-UsiRdDTx4MaVCDBPZlDqIwHSMvGVd56TMfrdMiubKEH6BhbNvBeq-xJqS2L-'
DIRENT,14,14572,46,236,225,'LONGNAME_34_232S16R.QfyBDVUtML0ggejtwLJHqoFgKlCFQkAuMxs8rAKnpW.cSVQfOl2QMukysGVQIY9OVFlo71Vwo5bzCihICjLZmA_0CYd1eePg0lv3z.uYVpCBgz95S6XjvQgBX3NpB_Bf7xoB-jCWWrHUMoh7HYlAvsQMUIV9_bdLpSa29ADpZE3z3VMzuc55DWUA4ca6UCDWkha4t7NVuMJ8x'
DIRENT,14,14808,54,236,225,'LONGNAME_42_9Xe2MfFpmlA9NlTqoBNRWB1Td-Xb2nRMZjhhWzXs_34FSKoM4-Gd4VyOkBXrSpfF_kH3fNsXJ4BXYMU1UEI7GPtuCBIImWtl3.xZFw8nbsQ25Bf4m0jXuGW7-2kqD50mdsCVyWThtesT_-fVOcwpf0693Jhzx1m.FMoBB2iOMVtN9KFYPeNcZrNVyYijUU9nJ1jJCnXfolpPkQyk3bQ0E'
DIRENT,14,15044,55,316,225,'LONGNAME_43_zimHLzIBCfl1Dbn5mfqpwcc1KRzC--UVu6RX2F1j6ZXjcxXtU5tT2zFOgK2.QdILryvC02VvHVWHBd_9aV.x1NrtVptIiPU.d7elc47pDoQzNxlUSM7JAwMMS8LDlQaoXJJ2TR2rGaZdM9mGvFCmrgBhciIzb2MXExos-EhiAz3RRJspKzkvTJr5Tu0s1fl8XSVWRMGRvurpSkygQD5SQ'
INDIRECT,14,1,14,1014,145
DIRENT,14,15360,28,236,225,'LONGNAME_16_qtQtrId1nsE5WcGh65V1At40cpCMg2-HyOvn2JXbWlA.2xGHzB1MAqbbs3zoinSjF486o7_JhkjISVyCZUuQlIMp6F6OYeI8s3YQJnClAK-0IpZu3twyZ_AjUqYScz_MGPfrLh5jozzVlnEOIcuXh.02zwRSmkvjB1tbO02qVew3SrYQU9v.m1l.9ZSa4OA.Z_7uWJGgVCKCZ_Qs.Lf0D'
DIRENT,14,15596,51,788,225,'LONGNAME_39__fB-T4qmN6i5M0cw6wlmfqA-BkcSQMIMYnw-QdzK.01cDBpJnmbx7cATiU2jkik8ljbiCr6ucbrx96O0eLFXUz7fLB.GCVHAQLwN.yj2n54-WorCXp5mb-0tafFffouMFKVXrfIidk3zxJ-8Iz.14OZ8BkXo16fwQjesZ7WLvqCQsrop_X.KBCiNn4SJFa60xzVOymA_zZBFyBSidtA4B'
INDIRECT,14,1,15,1014,146
DIRENT,14,16856,61,552,225,'LONGNAME_49_wKcmljJ2_KgE.McP3IwkAMb6baZ1_55k-YhYZnExlOGB-jkafxJldjzlBVEodR9dW4KJFxD0bSUe.TfUPjwa3wXza1M4Xi4KexfIhNJkUmxrKGH3ge0mxQuCh_3nex5pB-_KePFUA27R2rIMpQwsNU93MSpwT.IPPIMhJf8j80FPtiiBF6wafwLgonl_y4-W.tLL4qscpQSj6Lx8.hmd9'
INDIRECT,14,1,16,1014,147
DIRENT,14,17408,42,236,225,'LONGNAME_30_Acv9RPVuKiUZeMGlT6RGmTf1EbBo7tshI8CRgDM_AqmtVwhyz13Q2fqJ.ZPlmO44jY51L9JNImBypn6ha-fd3XyGeG-7andBpJBetonytn0lBffOWGDmm9ywzuHN2L9fICn-gHcWQ0Tma6OryKFLm51h03ch8cPq3xIhPyDjIONwbHr6vTEopldQC79muwLEzSVxjcYMjbTLWxQtwZl8h'
DIRENT,14,17644,62,236,225,'LONGNAME_50_REQwwt4fG8WrPO3YXyG676fuTU51.aY2wAE04MZnTJCwxXxvynaN45g6LY2IRZ16_0civ50n8MZf1zEL9AGfdaF1j0oFAzgMxLLo2hO9GZGzEghnIADf2V55NC-eGqp3aHO-PBQ2BDGZOeeLk8DTrA47dq2.a9lHkLX6r8phH3t8yCkDXJyxh1zO3f7oHryGDEMMuFgs8w4qT7oyY3Wtf'
DIRENT,14,17880,66,552,225,'LONGNAME_55_B_gALCLpkwSaqmNdO9zFQwv2SeN38qDmGjNcbOqSjK-ayncF-YyGpYWbeSch5qAQUnIa9i50TKiC1Wd098B-tTHJnbKYXnuK24z4zoq_wOefd1ltVq9fi2UhDkkUjbnziLvHZF65QhJGC2k4tFtssm0HQrPGImRiAajpqupjJN5rvpYDtSKK7Lm1T-CH8_dciG7loG_uinc.inzkFXK6X'
INDIRECT,14,1,17,1014,148
DIRENT,14,18432,47,236,225,'LONGNAME_35_SxNDo31dooYkFibbwY58B4B2GHGoNZkkRpz10cB9qiEJcFIbS85Mrg6GhF1RJoLKl17AhKKhSyz9UyhivK_sSbRHktdMoIBUk2hukE6MBX2KEoQPRWwAhKX2aYVloio5LPnU7nrrxWOc2a0h0hLQRyWuxCr01rpnXhWWA2MUIsSkYXJPN5sZm5vqlgGjFl07yVZeIIQg3H6qqmrOeRONI'
DIRENT,14,18668,48,236,225,'LONGNAME_36_LoGK.0_Zgcs0DfLJwyJCj76lUasFukxtltw.kXl6d6tLR8GV7aWJ4gR4sDkMajbv24e2M8mBemNna_V6tjKjk0MD-4kJvyjSPu.jo-_6_oxMLXDZbuDO72Jo7PWI3mDkCTGZvubjesA4-FC_DSulwSfuXTYrbcZi_lE2K2VkArjIohl8uhWnus6ckCP8UXTJXcW3L5Fc63yO4-bR1FKmA'
DIRENT,14,18904,68,236,225,'LONGNAME_57_3Bka.gGJJ_b9pQ8y60FaN5VISGcYKyFIIASkEu3NhftjgVD86lvWGnbI6R88b8SUImNoA25pb8E0NdMC3u-3hBam9pPtIqJ9Ikw0oqHpo9A2offTRTwdnn-EZd1e3fjSBdIT.Q2BlFor4js0OMG3WLquhtufLwVm_0_M-jM5iU_OW0ogxNAU58iFmxBNuzxIgbzp1MEoLizOOI_YcuyDe'
DIRENT,14,19140,72,316,7,'LINK_64'
INDIRECT,14,1,18,1014,149
DIRENT,14,19456,44,236,225,'LONGNAME_32_5o8L6ZeL8hXnSmNHf3xJrLkj2YOR1xv8tdLcx238ZZr8RDFnkdRmfXh2I.fMptdMY-G-qO0wcJ35SFSkuIMktn10hf0w2dDTSwiPSuz.pdEHYgWpCNR8denYXU6g2aUaZaMLlCne9vHJMnT57kw.jJAT8piDw3rBnYlI-99NTn7vDNQwD.YnE6Ebi4fXuNuumlQg-Lt47ItVKN52RuSCS'
DIRENT,14,19692,49,788,225,'LONGNAME_37_ehpbBFtNvsnSox0ns2w7kQHguV93H1__Ey.0SHMEm_Kn146.garowsKQJvl-Q7RXnMajsvgw.Hbvrdpsfh.pBmjbl-abh4u-mRZi0aAv2K0EpLUnBaTF.5hKh21YN4FZxwJ5LaMXrFuxUOz7oFnhqWl0FjtPD0jl5uDGw3rkUob7OJtOscgNEQu2eUznMopMcKPt0w1YGsM5-_ZziD6kN'
INDIRECT,14,1,19,1014,150
DIRENT,14,20480,33,236,225,'LONGNAME_21_YCvb61pM09nwPpt-80PectCNFAYvOyK6FQLKzPLmlcWlQPt-DBv8EuAyoUFbhc_6U3jwgc9TUfBjhk6EVEOnIHm_Ec-u-zMXaVE9.6YPufJlmj_dA2t7M9kvlm-c4PG2mPMoReIhFcFLKvuc-p-GafusYtDXEJsOX6RUMjubhFZOh-3o65eTTLs2IlaHQxoSI_phj_GZ8ltShq.Sd3cbQ'
DIRENT,14,20716,30,236,225,'LONGNAME_18_fBCqo7LhgUvH8C188KnOIwwwAh-L1XKbz7t85jH1sDA3UYPvZqsNEKEr5hNZnJKJtL-.Jc9Rr0bxgh5nFVn2UHBfMqHbP65g418TWF162QLXaYfEUIPV_69hQV7_tu4.VnWr86qSidtg69UByJ-W2nT-2n4JGWBQtuHOU8g6kQwPUatzqccmL9wM9FRkgDT1LEh-RagGTifF90-J19QRw'
DIRENT,14,20952,71,552,225,'LONGNAME_60_gP0YD7jz_UrfjPnREX-x4UXk6GWwQTd.l7CxYyHWGTNjAfd1OgF4q9RIKsiUDPBcJMD-ODz92hGG5fIeFOxlzOW.jwX0EdDxI3Ce8pjZdIKvvkZ-c3.rJTAmwa3DfXj6GLhgk-IfAqX7fyVRe-ny.dVzJgPvTW8GFQP9FreNVWLNJU2aT3iwRPypDdQz7bZd-SYkG5y0FE4KV3qGWEiGv'
INDIRECT,14,1,20,1014,151
INODE,15,f,664,1028,1028,1,03/12/17 00:01:41,03/12/17 00:01:41,03/12/17 00:01:41,0,0,0,0,0,0,0,0,0,0,0,0,0,0,0,0,0
INODE,16,f,664,1028,1028,1,03/12/17 00:01:41,03/12/17 00:01:41,03/12/17 00:01:41,0,0,0,0,0,0,0,0,0,0,0,0,0,0,0,0,0
INODE,17,d,775,1028,1028,2,03/12/17 00:01:41,03/12/17 00:01:41,03/12/17 00:01:41,1024,2,152,0,0,0,0,0,0,0,0,0,0,0,0,0,0
DIRENT,17,0,17,12,1,'.'
DIRENT,17,12,13,12,2,'..'
DIRENT,17,24,26,16,7,'FILE_66'
DIRENT,17,40,34,16,7,'FILE_67'
DIRENT,17,56,57,968,7,'FILE_68'
INODE,18,f,664,1028,1028,1,03/12/17 00:01:41,03/12/17 00:01:41,03/12/17 00:01:41,0,0,0,0,0,0,0,0,0,0,0,0,0,0,0,0,0
INODE,19,f,664,1028,1028,1,03/12/17 00:01:41,03/12/17 00:01:41,03/12/17 00:01:41,0,0,0,0,0,0,0,0,0,0,0,0,0,0,0,0,0
INODE,20,f,664,1028,1028,1,03/12/17 00:01:41,03/12/17 00:01:41,03/12/17 00:01:41,0,0,0,0,0,0,0,0,0,0,0,0,0,0,0,0,0
INODE,21,f,664,1028,1028,1,03/12/17 00:01:41,03/12/17 00:01:41,03/12/17 00:01:41,0,0,0,0,0,0,0,0,0,0,0,0,0,0,0,0,0
INODE,22,f,664,1028,1028,1,03/12/17 00:01:41,03/12/17 00:01:41,03/12/17 00:01:41,0,0,0,0,0,0,0,0,0,0,0,0,0,0,0,0,0
INODE,23,f,664,1028,1028,1,03/12/17 00:01:41,03/12/17 00:01:41,03/12/17 00:01:41,0,0,0,0,0,0,0,0,0,0,0,0,0,0,0,0,0
INODE,24,f,664,1028,1028,1,03/12/17 00:01:41,03/12/17 00:01:41,03/12/17 00:01:41,0,0,0,0,0,0,0,0,0,0,0,0,0,0,0,0,0
INODE,25,f,664,1028,1028,1,03/12/17 00:01:41,03/12/17 00:01:41,03/12/17 00:01:41,0,0,0,0,0,0,0,0,0,0,0,0,0,0,0,0,0
INODE,26,f,664,1028,1028,1,03/12/17 00:01:41,03/12/17 00:01:41,03/12/17 00:01:41,4096,8,153,154,155,156,0,0,0,0,0,0,0,0,0,0,0
INODE,27,f,664,1028,1028,1,03/12/17 00:01:41,03/12/17 00:01:41,03/12/17 00:01:41,0,0,0,0,0,0,0,0,0,0,0,0,0,0,0,0,0
INODE,28,f,664,1028,1028,1,03/12/17 00:01:41,03/12/17 00:01:41,03/12/17 00:01:41,0,0,0,0,0,0,0,0,0,0,0,0,0,0,0,0,0
INODE,29,f,664,1028,1028,1,03/12/17 00:01:41,03/12/17 00:01:41,03/12/17 00:01:41,0,0,0,0,0,0,0,0,0,0,0,0,0,0,0,0,0
INODE,30,f,664,1028,1028,1,03/12/17 00:01:41,03/12/17 00:01:41,03/12/17 00:01:41,0,0,0,0,0,0,0,0,0,0,0,0,0,0,0,0,0
INODE,31,f,664,1028,1028,1,03/12/17 00:01:41,03/12/17 00:01:41,03/12/17 00:01:41,0,0,0,0,0,0,0,0,0,0,0,0,0,0,0,0,0
INODE,32,f,664,1028,1028,1,03/12/17 00:01:41,03/12/17 00:01:41,03/12/17 00:01:41,0,0,0,0,0,0,0,0,0,0,0,0,0,0,0,0,0
INODE,33,f,664,1028,1028,1,03/12/17 00:01:41,03/12/17 00:01:41,03/12/17 00:01:41,0,0,0,0,0,0,0,0,0,0,0,0,0,0,0,0,0
INODE,34,f,664,1028,1028,1,03/12/17 00:01:41,03/12/17 00:01:41,03/12/17 00:01:41,0,0,0,0,0,0,0,0,0,0,0,0,0,0,0,0,0
INODE,35,f,664,1028,1028,1,03/12/17 00:01:41,03/12/17 00:01:41,03/12/17 00:01:41,0,0,0,0,0,0,0,0,0,0,0,0,0,0,0,0,0
INODE,36,f,664,1028,1028,1,03/12/17 00:01:41,03/12/17 00:01:41,03/12/17 00:01:41,0,0,0,0,0,0,0,0,0,0,0,0,0,0,0,0,0
INODE,37,f,664,1028,1028,1,03/12/17 00:01:41,03/12/17 00:01:41,03/12/17 00:01:41,0,0,0,0,0,0,0,0,0,0,0,0,0,0,0,0,0
INODE,38,f,664,1028,1028,1,03/12/17 00:01:41,03/12/17 00:01:41,03/12/17 00:01:41,0,0,0,0,0,0,0,0,0,0,0,0,0,0,0,0,0
INODE,39,f,664,1028,1028,1,03/12/17 00:01:41,03/12/17 00:01:41,03/12/17 00:01:41,0,0,0,0,0,0,0,0,0,0,0,0,0,0,0,0,0
INODE,40,f,664,1028,1028,1,03/12/17 00:01:41,03/12/17 00:01:41,03/12/17 00:01:41,0,0,0,0,0,0,0,0,0,0,0,0,0,0,0,0,0
INODE,41,f,664,1028,1028,1,03/12/17 00:01:41,03/12/17 00:01:41,03/12/17 00:01:41,0,0,0,0,0,0,0,0,0,0,0,0,0,0,0,0,0
INODE,42,f,664,1028,1028,1,03/12/17 00:01:41,03/12/17 00:01:41,03/12/17 00:01:41,0,0,0,0,0,0,0,0,0,0,0,0,0,0,0,0,0
INODE,43,f,664,1028,1028,1,03/12/17 00:01:41,03/12/17 00:01:41,03/12/17 00:01:41,0,0,0,0,0,0,0,0,0,0,0,0,0,0,0,0,0
INODE,44,f,664,1028,1028,1,03/12/17 00:01:41,03/12/17 00:01:41,03/12/17 00:01:41,0,0,0,0,0,0,0,0,0,0,0,0,0,0,0,0,0
INODE,45,f,664,1028,1028,1,03/12/17 00:01:41,03/12/17 00:01:41,03/12/17 00:01:41,0,0,0,0,0,0,0,0,0,0,0,0,0,0,0,0,0
INODE,46,f,664,1028,1028,1,03/12/17 00:01:41,03/12/17 00:01:41,03/12/17 00:01:41,0,0,0,0,0,0,0,0,0,0,0,0,0,0,0,0,0
INODE,47,f,664,1028,1028,1,03/12/17 00:01:41,03/12/17 00:01:41,03/12/17 00:01:41,0,0,0,0,0,0,0,0,0,0,0,0,0,0,0,0,0
INODE,48,f,664,1028,1028,1,03/12/17 00:01:41,03/12/17 00:01:41,03/12/17 00:01:41,0,0,0,0,0,0,0,0,0,0,0,0,0,0,0,0,0
INODE,49,f,664,1028,1028,1,03/12/17 00:01:41,03/12/17 00:01:41,03/12/17 00:01:41,0,0,0,0,0,0,0,0,0,0,0,0,0,0,0,0,0
INODE,50,f,664,1028,1028,1,03/12/17 00:01:41,03/12/17 00:01:41,03/12/17 00:01:41,0,0,0,0,0,0,0,0,0,0,0,0,0,0,0,0,0
INODE,51,f,664,1028,1028,1,03/12/17 00:01:41,03/12/17 00:01:41,03/12/17 00:01:41,0,0,0,0,0,0,0,0,0,0,0,0,0,0,0,0,0
INODE,52,f,664,1028,1028,1,03/12/17 00:01:41,03/12/17 00:01:41,03/12/17 00:01:41,0,0,0,0,0,0,0,0,0,0,0,0,0,0,0,0,0
INODE,53,f,664,1028,1028,1,03/12/17 00:01:41,03/12/17 00:01:41,03/12/17 00:01:41,0,0,0,0,0,0,0,0,0,0,0,0,0,0,0,0,0
INODE,54,f,664,1028,1028,1,03/12/17 00:01:41,03/12/17 00:01:41,03/12/17 00:01:41,0,0,0,0,0,0,0,0,0,0,0,0,0,0,0,0,0
INODE,55,f,664,1028,1028,1,03/12/17 00:01:41,03/12/17 00:01:41,03/12/17 00:01:41,0,0,0,0,0,0,0,0,0,0,0,0,0,0,0,0,0
INODE,56,f,664,1028,1028,1,03/12/17 00:01:41,03/12/17 00:01:41,03/12/17 00:01:41,0,0,0,0,0,0,0,0,0,0,0,0,0,0,0,0,0
INODE,57,f,664,1028,1028,1,03/12/17 00:01:41,03/12/17 00:01:41,03/12/17 00:01:41,8192,16,157,158,159,160,161,162,163,164,0,0,0,0,0,0,0
INODE,58,d,775,1028,1028,2,03/12/17 00:01:41,03/12/17 00:01:41,03/12/17 00:01:41,1024,2,665,0,0,0,0,0,0,0,0,0,0,0,0,0,0
DIRENT,58,0,58,12,1,'.'
DIRENT,58,12,13,12,2,'..'
DIRENT,58,24,59,16,7,'FILE_70'
DIRENT,58,40,73,16,7,'FILE_71'
DIRENT,58,56,74,968,7,'FILE_72'
INODE,59,f,664,1028,1028,1,03/12/17 00:01:41,03/12/17 00:01:41,03/12/17 00:01:41,264192,4,0,0,0,0,0,0,0,0,0,0,0,0,666,0,0
INODE,60,f,664,1028,1028,1,03/12/17 00:01:41,03/12/17 00:01:41,03/12/17 00:01:41,0,0,0,0,0,0,0,0,0,0,0,0,0,0,0,0,0
INODE,61,f,664,1028,1028,1,03/12/17 00:01:41,03/12/17 00:01:41,03/12/17 00:01:41,0,0,0,0,0,0,0,0,0,0,0,0,0,0,0,0,0
INODE,62,f,664,1028,1028,1,03/12/17 00:01:41,03/12/17 00:01:41,03/12/17 00:01:41,0,0,0,0,0,0,0,0,0,0,0,0,0,0,0,0,0
INODE,63,f,664,1028,1028,1,03/12/17 00:01:41,03/12/17 00:01:41,03/12/17 00:01:41,0,0,0,0,0,0,0,0,0,0,0,0,0,0,0,0,0
INODE,64,f,664,1028,1028,2,03/12/17 00:01:41,03/12/17 00:01:41,03/12/17 00:01:41,0,0,0,0,0,0,0,0,0,0,0,0,0,0,0,0,0
INODE,65,f,664,1028,1028,1,03/12/17 00:01:41,03/12/17 00:01:41,03/12/17 00:01:41,0,0,0,0,0,0,0,0,0,0,0,0,0,0,0,0,0
INODE,66,f,664,1028,1028,1,03/12/17 00:01:41,03/12/17 00:01:41,03/12/17 00:01:41,0,0,0,0,0,0,0,0,0,0,0,0,0,0,0,0,0
INODE,67,f,664,1028,1028,1,03/12/17 00:01:41,03/12/17 00:01:41,03/12/17 00:01:41,0,0,0,0,0,0,0,0,0,0,0,0,0,0,0,0,0
INODE,68,f,664,1028,1028,1,03/12/17 00:01:41,03/12/17 00:01:41,03/12/17 00:01:41,0,0,0,0,0,0,0,0,0,0,0,0,0,0,0,0,0
INODE,69,f,664,1028,1028,1,03/12/17 00:01:41,03/12/17 00:01:41,03/12/17 00:01:41,0,0,0,0,0,0,0,0,0,0,0,0,0,0,0,0,0
INODE,70,f,664,1028,1028,1,03/12/17 00:01:41,03/12/17 00:01:41,03/12/17 00:01:41,0,0,0,0,0,0,0,0,0,0,0,0,0,0,0,0,0
INODE,71,f,664,1028,1028,2,03/12/17 00:01:41,03/12/17 00:01:41,03/12/17 00:01:41,0,0,0,0,0,0,0,0,0,0,0,0,0,0,0,0,0
INODE,72,f,664,1028,1028,2,03/12/17 00:01:41,03/12/17 00:01:41,03/12/17 00:01:41,0,0,0,0,0,0,0,0,0,0,0,0,0,0,0,0,0
INODE,73,f,664,1028,1028,1,03/12/17 00:01:41,03/12/17 00:01:41,03/12/17 00:01:41,0,0,0,0,0,0,0,0,0,0,0,0,0,0,0,0,0
INODE,74,f,664,1028,1028,1,03/12/17 00:01:41,03/12/17 00:01:41,03/12/17 00:01:41,0,0,0,0,0,0,0,0,0,0,0,0,0,0,0,0,0
INODE,75,d,775,1028,1028,2,03/12/17 00:01:41,03/12/17 00:01:41,03/12/17 00:01:41,1024,2,923,0,0,0,0,0,0,0,0,0,0,0,0,0,0
DIRENT,75,0,75,12,1,'.'
DIRENT,75,12,13,28,2,'..'
DIRENT,75,40,77,16,7,'FILE_74'
DIRENT,75,56,78,16,7,'FILE_75'
DIRENT,75,72,79,952,7,'FILE_76'
INODE,76,d,775,1028,1028,2,03/12/17 00:01:41,03/12/17 00:01:41,03/12/17 00:01:41,1024,2,667,0,0,0,0,0,0,0,0,0,0,0,0,0,0
DIRENT,76,0,76,12,1,'.'
DIRENT,76,12,13,12,2,'..'
DIRENT,76,24,80,16,7,'FILE_78'
DIRENT,76,40,81,16,7,'FILE_79'
DIRENT,76,56,82,16,7,'FILE_80'
DIRENT,76,72,83,16,7,'FILE_81'
DIRENT,76,88,84,936,7,'FILE_82'
INODE,77,f,664,1028,1028,1,03/12/17 00:01:41,03/12/17 00:01:41,03/12/17 00:01:41,0,0,0,0,0,0,0,0,0,0,0,0,0,0,0,0,0
INODE,78,f,664,1028,1028,1,03/12/17 00:01:41,03/12/17 00:01:41,03/12/17 00:01:41,0,0,0,0,0,0,0,0,0,0,0,0,0,0,0,0,0
INODE,79,f,664,1028,1028,1,03/12/17 00:01:41,03/12/17 00:01:41,03/12/17 00:01:41,8192,16,165,166,167,168,169,170,171,172,0,0,0,0,0,0,0
INODE,80,f,664,1028,1028,1,03/12/17 00:01:41,03/12/17 00:01:41,03/12/17 00:01:41,0,0,0,0,0,0,0,0,0,0,0,0,0,0,0,0,0
INODE,81,f,664,1028,1028,1,03/12/17 00:01:41,03/12/17 00:01:41,03/12/17 00:01:41,7061,14,668,669,670,671,672,673,674,0,0,0,0,0,0,0,0
INODE,82,f,664,1028,1028,1,03/12/17 00:01:41,03/12/17 00:01:41,03/12/17 00:01:41,322560,10,0,0,0,0,0,0,0,0,0,0,0,0,996,925,0
INODE,83,f,664,1028,1028,1,03/12/17 00:01:41,03/12/17 00:01:41,03/12/17 00:01:41,67511296,18,0,0,0,0,0,0,0,0,0,0,0,0,948,946,986
INODE,84,f,664,1028,1028,1,03/12/17 00:01:41,03/12/17 00:01:41,03/12/17 00:01:41,67596288,18,0,0,0,0,0,0,0,0,0,0,0,0,983,939,960
INODE,85,d,775,1028,1028,8,03/12/17 00:01:42,03/12/17 00:01:42,03/12/17 00:01:41,1024,2,973,0,0,0,0,0,0,0,0,0,0,0,0,0,0
DIRENT,85,0,85,12,1,'.'
DIRENT,85,12,12,12,2,'..'
DIRENT,85,24,86,12,2,'FA'
DIRENT,85,36,105,16,7,'DIR_143'
DIRENT,85,52,117,16,7,'DIR_149'
DIRENT,85,68,148,16,7,'DIR_154'
DIRENT,85,84,151,16,7,'DIR_160'
DIRENT,85,100,161,924,7,'DIR_167'
INODE,86,d,775,1028,1028,2,03/12/17 00:01:42,03/12/17 00:01:42,03/12/17 00:01:41,20480,42,937,938,971,972,975,976,981,982,987,988,993,994,941,0,0
DIRENT,86,0,86,12,1,'.'
DIRENT,86,12,85,1012,2,'..'
DIRENT,86,1024,98,236,225,'LONGNAME_94_934osfNRlWo_D3S7c_RmHF9wnxkMfEgV2Xm7-WHnWwtFLHTDW_WbFe8-23Q4g5KmGyzq9NAclL5KeAD9QhFYBUII-fsiR9V2z5To-5Pvyh2c9AjAWkWV652nxfGnG_t7JSDPH1Ztw4Pn-4PJ7bsLRNvFRo0W4qbQAqqHcGWazwSfWZzsKDNnW6jfBGbvGZVE0U4g3rVFa.HkO064YLnmL'
DIRENT,86,1260,127,236,225,'LONGNAME_125_bLpErG4H6Wtvg5pXi4e-h3lW.eWg97-z8xJENBJAOmXu8OLQhRcIDRRNXX4v7CAQ5-i.TyzeIedJtSC4l-Hn60lN4m3hiDOhnf5voaFYigGrRMbwci-D7iBKgugrC8Chrskq-FUWxTssz5a-pePrkRltD78vKAVTj70vE.CIYRDp7pH5Vh1NxY0_jnTgotNwNVYIUjnZ3_dL-A-zzx6_'
DIRENT,86,1496,142,552,225,'LONGNAME_141_Q2D5oaIfU.ijqOElQVP7if8knQ9keTXeKQCSd8g3W0aRVxq2Rd48kv-ypIGfEb_WwZPkXQJSjcBqDyrBBCYLdyacabttXlb793yn7nvSPk1YaLdY0F-tTv3Qs.gYWEj5gg7Amfxa4m0TpPTsgcYIEIN0UxS6j6RLNiFQcz_KilKgM3cKAMt.HQ60W3FxYebimjmw2ZMg.FtdaK2dM3b_'
DIRENT,86,2048,88,236,225,'LONGNAME_84_Meqtocxf7riLmKiFqEtjQpeCXtfPVnob_1GNVFpI1ivAmTJWDkxaA.9exdMfSURAxVN9Jru7SV9LSwF8ES_NRaoc9dOK1QkjL2F3GuCdkS6YGiBRE-rr49nEcTkEH9wuEU4OL6W-aY_hRIhp4eKWvzI6DFPS2dl9sDroY.hM1MJkPph55x0yM7x5Gp0XpOH-qhsmoXUlSsO2z1SVRIInN'
DIRENT,86,2284,91,236,225,'LONGNAME_87_So02Kq-pUwDxQBc1MNVh4OW7GiWQC1wBzKcPbcwO0-iQW8_HDgsyWeJ_TS51HO4Q0uyVd42YX5Tpu7o.y9.x8VastTJ9t4-UA8cnJYbUHH0AC7_dXPAOvCk3eF1RL0KH5u-GDPtTewpMAALWRL8SKJyATRYfXuGUXKzLY5tBKb44pCSLyMHPiGOPGGmKF9Pei2s-z7ZRHWR3cBJQ9R2_m'
DIRENT,86,2520,109,16,8,'LINK_108'
DIRENT,86,2536,134,236,225,'LONGNAME_133_9iq4zDPIlX7OjpsZt2INUz4L6UWHKcFD2oPue6VgXbfuJipv0wLGlpZqoeb7tj_YmaqeDLplo41quO51dKssM_mAeQ9zlir_qLLAYt_2enu4gZd0.krX4nMbFaFjg5Ifi9kaFYel6-VNYqwi_yP-BHBRzMKLr_QkWcZ5BifIUo2nnb-WShUrw5SRV1NsEXvi55ShUVRemdgLeuO1bCPN'
DIRENT,86,2772,141,300,225,'LONGNAME_140_xCdE-VCLoQ7a-yEY4_nzSo_s78Ygl8iOj11p6ajhYsamcx.PeJ8fFDLkUENpaFGOjfl9PLYTWDFwweFPHeavWLNeZ._uhkmuffbMyzMqXZvaOs15BdT2XigKDpHu.RYq1XPIpWTsDvKpDxA6ddDW9Y.Lo-zoHGLQ24h9.sro9SAB4RK4c_z17o.T6NOlB.ZnSsi49bpIq6wWFIbQl6CD'
DIRENT,86,3072,93,236,225,'LONGNAME_89_k.DXBmXOzKaS4Z9vlJ8223q-5BS2w.G0n6StN_v-4tRpKDAq7H1vi7bU2czXU9fliIyu-Gp_gw8HuMJfzG40VIIidX378vAFKyd-xoxVAkZNYm.VPioHXQOzSRPqVxfq61JtsvznM3SCNXByK91zHTr9oZZutJvhWYw9C8YJNd3lwpe9uj7ubW-Ka9OssLyMQ6OQCrh4hDZSFbRoUjfKP'
DIRENT,86,3308,113,236,225,'LONGNAME_111_McqMI.-YyaCROGqH9klKN56DMT8UcoLwXdBtsNrqdUlp1049gEJkOiQ0h_RVb5l5r0_suHw-vK1g4YVZYC3ZMQ8T_V3DdgA8kNdDyVkkmdYGYNOE6gVR5LuQaCHg4oAnLMoNBx7bp7PAmSs5b3GuuupK9vSTA8d99rB9H5rHItDN0GmzA_FNQBa4b8rndUPLqhuA-iS.jHoxSfUuoNR7'
DIRENT,86,3544,133,236,225,'LONGNAME_132_IIjCRqoUfmvJxIkbRZ.HvKbddqr._agCwArqAEK6c-80IIJHA03KGpRr6svsWwdnb2u3XYFaTnPhlkGJhsaQX5ePT3LQNymgOqHjpOAGusCZ.kFFN32S00R6BcPs.mG8JjnPRLV0Fze7urqmSRre56lz1ooqtQvEatchjPpNxLRy_LlxkMEX-5mz60X6qtOEwYNbWkgZiz-6S62VC3OP'
DIRENT,86,3780,135,316,225,'LONGNAME_134_36m0OJsKonK2o8f6cFdGcOTmgIDHV-UgyjN0dvnOlHxf22CE.v48y_BCehdnWhhssA_fTstPCjNvYrnddpNrbKUJoMlWGVf34MeQL2-1FJlgaWCItUt8Jhm_wejHzTGVnEAqFqYYiUXb7zs70QFuOSYjZc-66eXajFHmg.hfhfIOe3EVMiBoIUEYE56a8ar589wUVD6PLRzQRf0H1gIR'
DIRENT,86,4096,90,236,225,'LONGNAME_86_aImnE2jim._qPYIt-wV1LVDDXaGnlYWGGUbx4t62Owz6Uya0heIvFqlb6GfiDaY06uuW3LISIkrtYsT_.8lZ.PE5YT5oreDU9uVU_PCcUXouKAUsGKbj370BUlpZHGCfVRg47phTuvv_ITwETMLbPqL9vMukl4.Jl2BUvNoHPYht1luzhSwPq3_bShOhAjfZ8EHUnzMa4rk8ERPbZPq_g'
DIRENT,86,4332,99,236,225,'LONGNAME_95_6xm73_F6vrSKmqgTa4-f_Lm5fCY2i7Sn.jhcf9aSEXdnKck_.dwM0dd6jaVW1TAD.rJijq4cXZ1MazpK6m3nUHTtFcy2LC6etsMGPPjqT9Ew3BD1hDL0MjFN4x.FyU7Qu4TZ2Vx43oRSGWFRgHPwPp9KnyjJYM9IYrd03C1iQ8nW8rYWjOIhOO9.5wFsn254k5x-Q1oOWHA_Xm2WOYv65'
DIRENT,86,4568,108,236,225,'LONGNAME_104_J_2VN8idOgjel3W45FlBLv-RDJ8ns38zpbyP3zrbLC2Llpo-CFfUA4cZfTIAAk.XOlFZMVX.LdNnrgkF5mNHUgvXMz5u_b1rNMG6RoLazAdZk4t.SoivLfFWefzEaN4g3XJjI2B-Ce2LqiNanYlLTZ2RrBQakR7xnlo-VRovb0WpER-aTti1-UgxrBROVZRVadkI04tVOXt68ExPw4RF'
DIRENT,86,4804,109,316,225,'LONGNAME_106_sBgOTFCJNiRC-I-AK5ONf.IAxTpoH7-RDHbY_RRLPRGNnBlouoVP_V9Z.hzv.LfxoDPywSJVhdxXhxUu521bcX7Hzk9XSB98FKTWfkQXVWoXCWh2g9nrW8wI9GYPkc07Enss_pF-wLrXRxFi173t04lN8XDMEI1fgMoxyLRQ1bR.y8bjfPlEFb8WlRDsNQBqDi8oWdr2.zkhk_bkUj7M'
DIRENT,86,5120,96,236,225,'LONGNAME_92_2krddK3r3a1iBDzIxAuGs4z1WMu6l9dVAcNN-l58f9atEDbgY2QM3OKq8ohMuT3W3OhqxF_ajr73ZGh3b3z.v6PygirqOKVfx_CcuPG42fLyHYgjN2K1_TUo2O9HfeX_nmkgmkUI3HyaZtni0Igukesieim_W9FQPmOdaKRxF31AbLO.MUxIOdE9Yw6UEjGpbsMa6iJxrNY7LI2nnMxWm'
DIRENT,86,5356,106,236,225,'LONGNAME_102_lUxujDlv9PjGdZaAutnS6G6Srw11ZXFnjnInG0dbY8s3SvLKO9ypiWgXA0X7HepXF40y.cLJsfmPAmCnS3up21u8uCBd7DLKEH2S9GQEUgrlVYlryENq8oHxOMzxjr0yD8ZisULzJFjAW.DfI_tpdUlOOCnwahZ6VKCsrh5rRSLaIO.Cma-f4J15Wc7m8wtY1yEIllMBC-GAsaEgjUf-'
DIRENT,86,5592,121,552,225,'LONGNAME_119_igfVyoCoCQcw8KV584GEFAjjHoWFRzBsCLHgF.FhxiWD7v_T3GcX3JCI4DQhbG9SsYpeEE8OmmKDwM-KWLDsXQq54GeLrbnaM4KIMje6AyDYba1v9lb.JVHKfZ_NAPuEg3.00zZ0-D7j_fVt4Y9Pma82Wd3K7OcesUmywEnsAymdFX4elAwAA.LYLkBihJabrevTngSACDmigSNjfdEx'
DIRENT,86,6144,101,236,225,'LONGNAME_97_pu4tonoj4B6UsYWauXbEfNSxO5OROUzOd-OHZvsagatBOUcKArwFRfIbeZM_M38R020eYDmaqCLJtCxxHvstclNcu68HqdgVZodTMtHy.NjmIPBqznqbjyQU0_fLYo9SNrYrEyf7cf7VXVj72.bniLr-KVmWS503bR3qE5XWQAI.3O.bIZDKUU1-kBRbSPLN6L7PQw3PKpkRGz-HhR2WM'
DIRENT,86,6380,118,788,225,'LONGNAME_116_RuyaZl.rs_8-ZzNh9rNG2X4zuF3NQtbIAEGE.klSaV3M-B53FdzmDi2z-K69ssoUQyH_ci4s.wYeKyNHD.mwvopxinWaVABDlfLRo6rPUL_ah1KXJmKeTtsHQk4pSV5-SUp0ORvlEs4MsZakSopOao3O7DL.CYUomL8q0Vzx0-W9dLOaOooFWFHdO1Da6BhMWjoz8-_JsVqPHcKHULuG'
DIRENT,86,7168,103,236,225,'LONGNAME_99_rIo_GAQnEDtl9v9kwzoBdiALyz6-PUcjbhCS3S_JRIHxbg2N8znYN4zBthb70-7sKng-iSf.Si0v2sccmXxnsV9I09dmjgIBaEkvQIb3rjCQPQHIldXwD_bRgD3KVMdqgh2N4T5id_rw4IJa3jNOhZ-R3.CSXUq1bS-tBIoUJp-QzsWr2Yo9jZkK0P7Pchm6306GuqkV8l1QP94xkJckV'
DIRENT,86,7404,100,788,225,'LONGNAME_96_TFljMWPD5lObkB_eav9eqc.y7uL1OZJDveOlIhcr7iWvV6ZgjqJNvposa7lOvKTi3wpSwWw7YZ.W3JiguYMQBG6vIItMukCffkrp10imeVlLY7Z-QQoQNszk6Ya5nJO2tFHnCi1.zC62XWBu0RLlo-1ZHYWzVeY7DDKk2s8rYy4w5XlcwMxnbCnwgkg7wh_KmOQCztBx7N-kyoSt4LpTQ'
DIRENT,86,8192,102,236,225,'LONGNAME_98_Xm1IbqpcVK6CGAFF4cICiGhXj7PY.OJAEMdOLvbB4bkWVRXwqUuYYJNMyJINeoNAsMaZ73GGbNSePR6RmyZmETKmK5bJzOY_Wo_bJ1CRPyCjNPqr5eEUmhaNoERft7ZLl9b5yd94Kshu2juNbX8E_GGre4FY-zY901TmpIvxVrQtTvhbngI8340NeJ8pCEDvpVN5I4ly4D8PuDfg80FKu'
DIRENT,86,8428,95,236,225,'LONGNAME_91_Rk2yP.sSkL4Vj.0TvX00G7Aq7u5upDwVE7qOv8H0UM3_gwAH24BV90A.leB0qddg61IYMszcAwAbtg.hzDJiiMezTznW3dj7MrPDluIqk9dG3jyP7ebTRhbTFywkc-dVn0t2hc-V80Phi4AaKxxf8gwv8RvUBZbbGl1UHbeKzPR68xw4PsaU2aTvCN.uRbfXG2cFupDzhWa3xJpEosmo1'
DIRENT,86,8664,108,16,8,'LINK_106'
DIRENT,86,8680,138,536,225,'LONGNAME_137_j8SBN9Cc_BAsV_KiOw.esJmliWoUQ6hUHVBnsECOIhVxnZlY5EvwEVnnO93wWDy.I80F_ezfpu6NCBmkilqYkyFH.Z.6AH8oUUqk29Up0Z9AnZMKYvNow6GEEdh4orj_YPriyvp1fB2royuW7f79iz3tcihwenlFGh9h8weuYpl53nMmDZL23acbwsKhzfKpWhi0xy.swBQ3cYrKjYNw'
DIRENT,86,9216,89,236,225,'LONGNAME_85_KhPsgTNIF65CQDYjq3wPcR5pYNzxzsb.bTtKGJwJak9JhgrjKauaEfRyw-T977iJi.wKPYTSQfOyHz4kt-uMHo9yJST99-S9qWbZBc5alaM4jOxvtd7MmT0SYyexCi13QB0p9SrnXca3a1I3TyV5liK9xlGopZarVelOhX5MG31JmNVerHIZL68yaEty8pZWtVi85bNSGLMPV8UN9elW8'
DIRENT,86,9452,125,236,225,'LONGNAME_123_wsrAn4.fJt.MOU1I.CLgRvNTeHEpAy0XPCd3MRisK6b9XDuzPwHDru9qRDJQlaHTVGd-vfTAg8k0.j8XieddagsFwu64BR1DGLI6gAKXD9xFp7-Z7zUNBpJXKOHhSblnlXp37ZB5K6fs0xlrn7uSb1Yx1u0NYaOKqY28gTFa1Hf4wHL4b6dN-hdbfwgNT20jCHuzO0juS9SBWYr9x12v'
DIRENT,86,9688,132,16,8,'LINK_132'
DIRENT,86,9704,136,536,225,'LONGNAME_135_S_w4LhYIvqzRIf3yR1ttviTjUMOBkNnCW4pCHpLejgiZAJbG5mnV3maSRqiv7uLCEehOoLs9DA86F3huB1G.pVTzJs.3IfgqToVC.FxZgVkJqFx4ngpoZmdPajs6_tC2lOe.MOiMKfnqZI_4YsHCDig9SeJTE0nH3V_3HIgXr_US5mzSwX9qMyArmnYyXwJMswOP4AMpbyOP4622oUxR'
DIRENT,86,10240,87,236,225,'LONGNAME_83_V7pOYGwWhVtQ9jDyjqDxSQ8xr76WV1RGKdpqW8dOYC3yRntn9rpbiUKNps9FiU.TByO9qNsqggv_JS8ss_8vK_jvgbWLXIpYFernzI7vDvH1zTCqupeDiJNZXMLF-tKWgGE9U8tXSMAo_c0BW9u5h7gK8uUy35aFe-1d0SmtVkxCd8AzdjetLLAfK0-CZP3pvun0UAgBQiCbl9KQvpMGJ'
DIRENT,86,10476,115,788,225,'LONGNAME_113_S7_ZD31LKYQf6ldi0MeP0mB2EKQe3Cq8sstsiRux.36m2n0GqYZL4jEiR1VYoJLQj66zUi9XT_oSFdbTueRqUbUW984mY58Hdquv8YzwXJBc42Bu066lZksouFrnq6pRXHNqeohl7Y9OopWUCRYDqLJUmML_46kN-cPud9YV6t..1loopQCRNjk8OZVfQJ3vmHbCQW-i.-TG3oxWc-wM'
DIRENT,86,11264,92,236,225,'LONGNAME_88_ruQAi1azOmTMTOgxE2FozjX02ICq86.XaAyzfCqCRjqX3LgD.szXMlFV.MajDX20MHl.2shHJPMopEYkggRV28E7ehvP4kRg2ybTy0L6_CqbMs3e2FTL8QUQlpVp2TIwVG4OMnUAIvArEwVul2EK.syDwcs9LUuF4pkgQ78RFuVYNFLfw5mnoDwC6lJ9Ee9IoFxjpEvFugE9th14D2dmp'
DIRENT,86,11500,104,236,225,'LONGNAME_100_ugoXNsQ7uYVkgpSOat6vnD6L41Z7hVl_sSP8HPyNbCwSPh2FPdFoKc.uv7Wvv4WUniYR.RU73jEkl6iwFi9oRydC8XXTXX749IbXMy-KNkSqu2H93b7ff5PWLS4JsR-R7MpMv486dXHemTbFWTtWUdWwzehtDXehb78Nfp-.sglZjR55deet4weHv1v2bvqRSJEefvNez8DZ7R71mFNv'
DIRENT,86,11736,128,552,225,'LONGNAME_126_3wwV_bcbhjulTRcst_bBwK3AFTUcmNAaR0qBrz4a3T8kX-Ba0fKfE-Hc0aI8h0x8EGnF.vVuKHEPNFfRnVNl_psuP5WfbVn1WPKoLezcJgqZka9oWX9SbZjOoE6SsFIUi-ck.y7WzLI.oxhn_oIECNp9sKHv_Jsbm-q1FaibvUFBshYN4FPfoJenAurhqukYl5PRkN9.FPAHFLWrrGn.'
DIRENT,86,12524,94,236,225,'LONGNAME_90_snfmThXQtJDVrwi6hB7gll3RPQ5Yw_LlyI7oFno5LTuv5UV4ybkgNqMgHn7kuU.-FvmTy91D-HGBHj1hIV3MTRu.6c-CHPLtYbdy6Ana85qBSTY8YDbIzgjaFoY..W7W.6vABH5njRZxRPHmPHvp-D5C_ztJnpOTegt7ME0tVXfRtaMj3CskfYpCfLWAWx7opmOJoeos38HzraqmOKnat'
DIRENT,86,12760,140,552,225,'LONGNAME_139_dL.aj5c_kTwxoBuI8Rx-GsoMVTtbGRKe3jS9jsok_8uI3cl0NYwhlcVkP3JRLlFuytjjWuPdNQICkv4o.cnHjQdYCPw7zeftGqffh9Z4opAHpSFHO9I6qaEjpk_PNFiZAXO6K7EVN4bukdIOY47XM3GRhhm4ekJbpzWZ.Bd4ixEBuHE_._YldhBCQVBSfMbwC3ZSJL38qM60cZEZFM8j'
INDIRECT,86,1,12,941,942
DIRENT,86,13312,110,236,225,'LONGNAME_108_phfjoXogODsl3YYDh9P_gx7BvZZNqDcRS9e7awyeBzuEv3eO7GMX-EMrch6mi3xCrsuyy7Vn8OnmueV8dYzGYAyoAR77QZWwzPfJYUsLETw4A9Zjxlu7vpEkc0qZcEK9lJ.X82VcAcI9MNO1c9Lz6eWBo6dnGxQz4SaE-Fgi.UDCARvuFSdDp3CHvs-1J0dfYpqZaRoZ-OtZj3ca2ViX'
DIRENT,86,13548,119,788,225,'LONGNAME_117_NVAD0rGoEra3RnSS.jRX1x7SWPkhKJ91-thZCVPLxF1myMTjdmmk7Wpm7Jku42AbsJZbFws5e317cMRp1OwUYkFh1hpkyVP.icv.a_.MocEBF1BTT35gOh0o5w-D-hPQfis6io.J4bm3upMUotfZcugsvyRCQ.lNkt1881Jo3WjpECQwbAmf_jL5uZ8D_dcZ1..RLWQSMUNCg478YY1D'
INDIRECT,86,1,13,941,943
DIRENT,86,14336,97,236,225,'LONGNAME_93_jRlGcwS12Ta_Or0zpjEp91bZaAAp9.6lYlwEu9h5nNzAAqaHPJaUe9R5csnrXR-wiPv7cbyKz2.5KgjkR94obzuIVZD_HNNbxjn94iXF0AfVoma6QcTMqnO6kUXNTpMAGJupe6fv-buRrfglIrNiMFifHJ_EPuVcD4P5npmDf5GuU5n6US2EK8qZ1eBuHj7JmwHuSkMbpRK.N9SYg1ens'
DIRENT,86,14572,116,236,225,'LONGNAME_114_Wj57tigjklE5OCliZmL.xc8gWoWdXEDueE.GPVAmfPRkFnrRC6iqi6mTYuOU.5BK_APvhque4jCOjRkzrsMDe.CAK.J6Go516pehzWQznonL3XAXUre79GlQv_fQkSmK7Ghj.U6k4ycRwQ.4j5Bwq51xlmJySdvq79rcn94WfRKsDSWPOptMFobHOHQkdOVsByde5ODU2PHAbrvtDoZa'
DIRENT,86,14808,123,552,225,'LONGNAME_121_ifWxN2ehqapA.eJEvoxqCm__DlTHNTj4wqnPBZY4knwgxwpguBWiuttFvsmQHPbXJcrdtVJ7mSTCc5F26uYPj6Ac4xAxyjANcNq2JqWZNBMBBraJJsAC6C9DOJqowy053_l7lQtXIoQ2lRAdYRQfLrHaTpsNoXQIQpCfPzQA_b4CTQAxcwDjY71Vz8LG09l5RFl70HzK93hC7MPXRB7w'
INDIRECT,86,1,14,941,944
DIRENT,86,15360,112,236,225,'LONGNAME_110_Nq96U-tiMf2dJrPPy-J9Fc47ibC4SxMh3Ur7klDndZWVrd.lBNz1lFXtgUrWer8IZ7vXLEfDBtd9eJBVpE28vlrL7cnpYL3CodlvqBNvApzb39239CKfboK9rtpnIvkZwcCyOFHH53Ix4rgAAm.QORQLC6tKS_RzEcxvScmWrP9yL6D4D7FNqmPqc4ee-OooXMWSgg8N5MuDwYYT0kAU'
DIRENT,86,15596,114,236,225,'LONGNAME_112_zy95dh6qxKJ7HdF.GoGGrZFII6j_KM4nw67l_6T8PzPm1DN9AlEekG7b9fXTZU9kYuJqR1QebZu_6AZiDds7xvJMD58r_-mD48mUl.SPac4t1ABj9uHZ7J78gjiWqME1zv68jm4oUkqXLcpfC-Y32Ip0z2L0tS.MC4rwDWvd0Fnw6pk6-OWgf7CXX36RldmwSon5NBoTo_BYWKECcuJW'
DIRENT,86,15832,124,552,225,'LONGNAME_122_YVzwFC9JNwRiFX7l.XjrG9wvz84cYGPWuGR0nh9QuzXPPm5QkF1Zv-EG-bHWNCZ7d9bHiSSvkkAtvUtj47wudrSLO4PSgGRqo6a_wqrT7oMHBRptBpBUac7oPRkE1yg9oRlIpkRRH-Fg1qgbEunABK3iaVmYOtEYjxNEKqT_ugxGrlUx7YcWfKHEjOEUf4dT3L02vIMDgMaeJoJTNPnW'
INDIRECT,86,1,15,941,949
DIRENT,86,16384,120,236,225,'LONGNAME_118_9253nJqnSwb38wGVI8XKhn0-2tbk3..n-0FYl6FDay4MTAa-TpACMNOPfMdTul3Hcc7O3BkNKIqXjq4nvEhqs5fbU3iT2_W_6jgJlWq2SvmPnz4ZXMXkKtokQlC8LSQjpVrIdKay8vpmCw5NMRSXwcHoW6AvOV3HxZiHNcBUEZh2sd7xsCYzwuqp5Cq5WwLoJtraW4z6NR_hgB.ygWjl'
DIRENT,86,16620,126,236,225,'LONGNAME_124_RhJd8WMAHDWvPUB1Fbm3XvyMyI3h_OhTCPtvND17xTZAKuJYpNTTxTdE-pRM0.WQGejKXsUasVegQbSyaKLgi0AvhvOVq3pQXcIB4Qt6A7n4_sJqnQiZjvVtq7O1MKVKor8mBYzbeDj.1VscvYRbD-e_7IUkXZ_7-Qmty5.dzpzmLq.nrscjzAE1FqTjLJS1ngmvUachq.OULW_WI2sh'
DIRENT,86,16856,129,552,225,'LONGNAME_127_StTCCKOfitqYeQ9JAPpqmIiWD-Z5BvSdP3KBukk9sydHDlr1Uv-jK-m91vlduhv-S3UkEtjxo0K_gvBNyOpQq4ibC5RLD1uBjBgjzYzXzEPIgPcOJBurL0ygp.Qe-WsKTL4SsuzKnvDj1cTU.PppHnSsvymj_KzZeWMhTLq0Uj0y8i_2hL3PtmkQKHwqH668lHUzqM.jm9_-bIhlftvF'
INDIRECT,86,1,16,941,950
DIRENT,86,17644,111,236,225,'LONGNAME_109_2WBhywwtVLqUE8FZ0xIG32Lg.N7YqagBvYR3K5gKWgOLcVlyQbDuIDushwTSKmUQI0il.fD.vyR_AbRYaev6G9MSZtTltoz6Xo34rdh4q.s7FCspvi2m7VA8WJmy4RN8gluGrQkjMITeyv03x1eQgI8uzdoj4gwRJ1lxpPHDpZIQubCkh0SGia2SBr1A756z_53bgomqdkYYdVjlHaCR'
DIRENT,86,17880,130,236,225,'LONGNAME_128___KD8JxB3s.y_rj9eAxN.wUyhOLCIoTGuavC4qLl0BB3wDj2RPYczo9m-2swddb0s7uDvr3-3xL1skJrxmILVqpbAW8PiF6A9zgEHO1Wpv50F2YDBSVheH5DW3VL2AlW3Y4y.iyLulP2Zs5IBT9iWb3TSOU4KzeXTUT3TizW-NclOnP6-m-t_zZGAZjDjQyPJhd-RVNvAzPByWU9mBud'
DIRENT,86,18116,137,316,225,'LONGNAME_136_ITzQBSB0tUBjRRwTBmCqWaT_8iYhIdDSxXAyNrQjE9uLMOY3eJscewSD3RW_DynqeV9V40QV0LsR_wz.FE8X5CtJv.-5qofgm8CZesUsGD1CvCNhTJ.L.uDB81B1jx3llOZPGh8_nwmuu4LqDW785Okf5jHZBnvNa_83.9HvV4ZxrKnq4LRi55sdsAK0njmDkSiJSfZILx5urgPfyToA'
INDIRECT,86,1,17,941,951
DIRENT,86,18432,132,236,225,'LONGNAME_130_yB.GP5Hyx9dx1N3nNqjn.MI_DK4K8r86b2OtmIa1W1xW7BmD_E_im6jR.MVsIaAENIjvY9aPp.1BMcKj99-ahhnW18i0qiq1zDgoJI_EaKcUjW7VN2iDYEzb8DwQ19bGoviBQO9q08fP__J_NrGZ1.3FPDU_jGJMKum904USH_pUJUmEPwPnRxqShNkgKzvp3ok6W57aM3iLQ_6EvCGt'
DIRENT,86,18668,107,788,225,'LONGNAME_103_QJeKh6idAIjknQ8k4H5ynu0WFormh.K8eUs37CEuuoQipYQSLCTHGttPdo-uOhSZabsjuTOo1tAhlogdpGCtFHZ443AG8IV8xtduG1j9k-l-UETeef-QJCr3FvLvLNEKxnarr1iXYOufzrXyzO7qMa5-n37mWBhCNmNRWifu1l4wuzlU84F.GAuCZuQY.kq7UQ_SbDBKqV_t2ACeW2x3'
INDIRECT,86,1,18,941,952
DIRENT,86,19456,139,236,225,'LONGNAME_138_SPZUdvxtSLMKhm.FoDbZvBwuyOlk3biHdrZtIR7Jw4OpW6w78ecnMRKFwS6CK0rI22Ayss4.JxUrQ11sPzgGnGfUhrAXhS34dgb74jyZOaBqIWHpXxwWM2ei7YxQVA3AC9R14sthRXa-HZ9V2T3SIICWy-tt8V5DBc4lnzGt1hvYKAfiWKNOpS1y3vV94NugHrx8MIlQZHMFkm0y-4Rt'
DIRENT,86,19692,122,788,225,'LONGNAME_120_021gScMkI9E0zhXH1_SqayILoj8yGN-oKpQG7uWyi26C9qRcGUeAipSNkLVlEBKAtTYSfjmuZRSUd9u0RaAXljevpag4XM-VHL-waeTu9wtBzO5-5l-aL7ji84XQvzOp3eVPSnju60RxPTQLR3mm2s6CzTi6hvb9OjBX_lJp7Vzmrw_XUoXgB60G-f5ZPYD4UuzBKyR5jdOtWEK75TBS'
INDIRECT,86,1,19,941,953
INODE,87,f,664,1028,1028,1,03/12/17 00:01:41,03/12/17 00:01:41,03/12/17 00:01:41,0,0,0,0,0,0,0,0,0,0,0,0,0,0,0,0,0
INODE,88,f,664,1028,1028,1,03/12/17 00:01:41,03/12/17 00:01:41,03/12/17 00:01:41,0,0,0,0,0,0,0,0,0,0,0,0,0,0,0,0,0
INODE,89,f,664,1028,1028,1,03/12/17 00:01:41,03/12/17 00:01:41,03/12/17 00:01:41,0,0,0,0,0,0,0,0,0,0,0,0,0,0,0,0,0
INODE,90,f,664,1028,1028,1,03/12/17 00:01:41,03/12/17 00:01:41,03/12/17 00:01:41,0,0,0,0,0,0,0,0,0,0,0,0,0,0,0,0,0
INODE,91,f,664,1028,1028,1,03/12/17 00:01:41,03/12/17 00:01:41,03/12/17 00:01:41,0,0,0,0,0,0,0,0,0,0,0,0,0,0,0,0,0
INODE,92,f,664,1028,1028,1,03/12/17 00:01:41,03/12/17 00:01:41,03/12/17 00:01:41,0,0,0,0,0,0,0,0,0,0,0,0,0,0,0,0,0
INODE,93,f,664,1028,1028,1,03/12/17 00:01:41,03/12/17 00:01:41,03/12/17 00:01:41,0,0,0,0,0,0,0,0,0,0,0,0,0,0,0,0,0
INODE,94,f,664,1028,1028,1,03/12/17 00:01:41,03/12/17 00:01:41,03/12/17 00:01:41,0,0,0,0,0,0,0,0,0,0,0,0,0,0,0,0,0
INODE,95,f,664,1028,1028,1,03/12/17 00:01:41,03/12/17 00:01:41,03/12/17 00:01:41,0,0,0,0,0,0,0,0,0,0,0,0,0,0,0,0,0
INODE,96,f,664,1028,1028,1,03/12/17 00:01:41,03/12/17 00:01:41,03/12/17 00:01:41,0,0,0,0,0,0,0,0,0,0,0,0,0,0,0,0,0
INODE,97,f,664,1028,1028,1,03/12/17 00:01:41,03/12/17 00:01:41,03/12/17 00:01:41,0,0,0,0,0,0,0,0,0,0,0,0,0,0,0,0,0
INODE,98,f,664,1028,1028,1,03/12/17 00:01:41,03/12/17 00:01:41,03/12/17 00:01:41,0,0,0,0,0,0,0,0,0,0,0,0,0,0,0,0,0
INODE,99,f,664,1028,1028,1,03/12/17 00:01:41,03/12/17 00:01:41,03/12/17 00:01:41,0,0,0,0,0,0,0,0,0,0,0,0,0,0,0,0,0
INODE,100,f,664,1028,1028,1,03/12/17 00:01:41,03/12/17 00:01:41,03/12/17 00:01:41,0,0,0,0,0,0,0,0,0,0,0,0,0,0,0,0,0
INODE,101,f,664,1028,1028,1,03/12/17 00:01:41,03/12/17 00:01:41,03/12/17 00:01:41,0,0,0,0,0,0,0,0,0,0,0,0,0,0,0,0,0
INODE,102,f,664,1028,1028,1,03/12/17 00:01:41,03/12/17 00:01:41,03/12/17 00:01:41,0,0,0,0,0,0,0,0,0,0,0,0,0,0,0,0,0
INODE,103,f,664,1028,1028,1,03/12/17 00:01:41,03/12/17 00:01:41,03/12/17 00:01:41,0,0,0,0,0,0,0,0,0,0,0,0,0,0,0,0,0
INODE,104,f,664,1028,1028,1,03/12/17 00:01:41,03/12/17 00:01:41,03/12/17 00:01:41,0,0,0,0,0,0,0,0,0,0,0,0,0,0,0,0,0
INODE,105,d,775,1028,1028,2,03/12/17 00:01:42,03/12/17 00:01:42,03/12/17 00:01:42,1024,2,954,0,0,0,0,0,0,0,0,0,0,0,0,0,0
DIRENT,105,0,105,12,1,'.'
DIRENT,105,12,85,28,2,'..'
DIRENT,105,40,131,16,8,'FILE_144'
DIRENT,105,56,131,16,8,'LINK_145'
DIRENT,105,72,143,16,8,'FILE_146'
DIRENT,105,88,144,16,8,'FILE_147'
DIRENT,105,104,145,920,8,'FILE_148'
INODE,106,f,664,1028,1028,1,03/12/17 00:01:41,03/12/17 00:01:41,03/12/17 00:01:41,0,0,0,0,0,0,0,0,0,0,0,0,0,0,0,0,0
INODE,107,f,664,1028,1028,1,03/12/17 00:01:41,03/12/17 00:01:41,03/12/17 00:01:41,0,0,0,0,0,0,0,0,0,0,0,0,0,0,0,0,0
INODE,108,f,664,1028,1028,2,03/12/17 00:01:41,03/12/17 00:01:41,03/12/17 00:01:41,0,0,0,0,0,0,0,0,0,0,0,0,0,0,0,0,0
INODE,109,f,664,1028,1028,2,03/12/17 00:01:42,03/12/17 00:01:42,03/12/17 00:01:42,0,0,0,0,0,0,0,0,0,0,0,0,0,0,0,0,0
INODE,110,f,664,1028,1028,1,03/12/17 00:01:42,03/12/17 00:01:42,03/12/17 00:01:42,0,0,0,0,0,0,0,0,0,0,0,0,0,0,0,0,0
INODE,111,f,664,1028,1028,1,03/12/17 00:01:42,03/12/17 00:01:42,03/12/17 00:01:42,0,0,0,0,0,0,0,0,0,0,0,0,0,0,0,0,0
INODE,112,f,664,1028,1028,1,03/12/17 00:01:42,03/12/17 00:01:42,03/12/17 00:01:42,0,0,0,0,0,0,0,0,0,0,0,0,0,0,0,0,0
INODE,113,f,664,1028,1028,1,03/12/17 00:01:42,03/12/17 00:01:42,03/12/17 00:01:42,0,0,0,0,0,0,0,0,0,0,0,0,0,0,0,0,0
INODE,114,f,664,1028,1028,1,03/12/17 00:01:42,03/12/17 00:01:42,03/12/17 00:01:42,0,0,0,0,0,0,0,0,0,0,0,0,0,0,0,0,0
INODE,115,f,664,1028,1028,1,03/12/17 00:01:42,03/12/17 00:01:42,03/12/17 00:01:42,0,0,0,0,0,0,0,0,0,0,0,0,0,0,0,0,0
INODE,116,f,664,1028,1028,1,03/12/17 00:01:42,03/12/17 00:01:42,03/12/17 00:01:42,0,0,0,0,0,0,0,0,0,0,0,0,0,0,0,0,0
INODE,117,d,775,1028,1028,2,03/12/17 00:01:42,03/12/17 00:01:42,03/12/17 00:01:42,1024,2,955,0,0,0,0,0,0,0,0,0,0,0,0,0,0
DIRENT,117,0,117,12,1,'.'
DIRENT,117,12,85,12,2,'..'
DIRENT,117,24,146,16,8,'FILE_150'
DIRENT,117,40,147,32,8,'FILE_151'
DIRENT,117,72,149,952,8,'FILE_153'
INODE,118,f,664,1028,1028,1,03/12/17 00:01:42,03/12/17 00:01:42,03/12/17 00:01:42,0,0,0,0,0,0,0,0,0,0,0,0,0,0,0,0,0
INODE,119,f,664,1028,1028,1,03/12/17 00:01:42,03/12/17 00:01:42,03/12/17 00:01:42,0,0,0,0,0,0,0,0,0,0,0,0,0,0,0,0,0
INODE,120,f,664,1028,1028,1,03/12/17 00:01:42,03/12/17 00:01:42,03/12/17 00:01:42,0,0,0,0,0,0,0,0,0,0,0,0,0,0,0,0,0
INODE,121,f,664,1028,1028,1,03/12/17 00:01:42,03/12/17 00:01:42,03/12/17 00:01:42,0,0,0,0,0,0,0,0,0,0,0,0,0,0,0,0,0
INODE,122,f,664,1028,1028,1,03/12/17 00:01:42,03/12/17 00:01:42,03/12/17 00:01:42,0,0,0,0,0,0,0,0,0,0,0,0,0,0,0,0,0
INODE,123,f,664,1028,1028,1,03/12/17 00:01:42,03/12/17 00:01:42,03/12/17 00:01:42,0,0,0,0,0,0,0,0,0,0,0,0,0,0,0,0,0
INODE,124,f,664,1028,1028,1,03/12/17 00:01:42,03/12/17 00:01:42,03/12/17 00:01:42,0,0,0,0,0,0,0,0,0,0,0,0,0,0,0,0,0
INODE,125,f,664,1028,1028,1,03/12/17 00:01:42,03/12/17 00:01:42,03/12/17 00:01:42,0,0,0,0,0,0,0,0,0,0,0,0,0,0,0,0,0
INODE,126,f,664,1028,1028,1,03/12/17 00:01:42,03/12/17 00:01:42,03/12/17 00:01:42,0,0,0,0,0,0,0,0,0,0,0,0,0,0,0,0,0
INODE,127,f,664,1028,1028,1,03/12/17 00:01:42,03/12/17 00:01:42,03/12/17 00:01:42,0,0,0,0,0,0,0,0,0,0,0,0,0,0,0,0,0
INODE,128,f,664,1028,1028,1,03/12/17 00:01:42,03/12/17 00:01:42,03/12/17 00:01:42,0,0,0,0,0,0,0,0,0,0,0,0,0,0,0,0,0
INODE,129,f,664,1028,1028,1,03/12/17 00:01:42,03/12/17 00:01:42,03/12/17 00:01:42,0,0,0,0,0,0,0,0,0,0,0,0,0,0,0,0,0
INODE,130,f,664,1028,1028,1,03/12/17 00:01:42,03/12/17 00:01:42,03/12/17 00:01:42,0,0,0,0,0,0,0,0,0,0,0,0,0,0,0,0,0
INODE,131,f,664,1028,1028,2,03/12/17 00:01:42,03/12/17 00:01:42,03/12/17 00:01:42,0,0,0,0,0,0,0,0,0,0,0,0,0,0,0,0,0
INODE,132,f,664,1028,1028,2,03/12/17 00:01:42,03/12/17 00:01:42,03/12/17 00:01:42,0,0,0,0,0,0,0,0,0,0,0,0,0,0,0,0,0
INODE,133,f,664,1028,1028,1,03/12/17 00:01:42,03/12/17 00:01:42,03/12/17 00:01:42,0,0,0,0,0,0,0,0,0,0,0,0,0,0,0,0,0
INODE,134,f,664,1028,1028,1,03/12/17 00:01:42,03/12/17 00:01:42,03/12/17 00:01:42,0,0,0,0,0,0,0,0,0,0,0,0,0,0,0,0,0
INODE,135,f,664,1028,1028,1,03/12/17 00:01:42,03/12/17 00:01:42,03/12/17 00:01:42,0,0,0,0,0,0,0,0,0,0,0,0,0,0,0,0,0
INODE,136,f,664,1028,1028,1,03/12/17 00:01:42,03/12/17 00:01:42,03/12/17 00:01:42,0,0,0,0,0,0,0,0,0,0,0,0,0,0,0,0,0
INODE,137,f,664,1028,1028,1,03/12/17 00:01:42,03/12/17 00:01:42,03/12/17 00:01:42,0,0,0,0,0,0,0,0,0,0,0,0,0,0,0,0,0
INODE,138,f,664,1028,1028,1,03/12/17 00:01:42,03/12/17 00:01:42,03/12/17 00:01:42,0,0,0,0,0,0,0,0,0,0,0,0,0,0,0,0,0
INODE,139,f,664,1028,1028,1,03/12/17 00:01:42,03/12/17 00:01:42,03/12/17 00:01:42,0,0,0,0,0,0,0,0,0,0,0,0,0,0,0,0,0
INODE,140,f,664,1028,1028,1,03/12/17 00:01:42,03/12/17 00:01:42,03/12/17 00:01:42,0,0,0,0,0,0,0,0,0,0,0,0,0,0,0,0,0
INODE,141,f,664,1028,1028,1,03/12/17 00:01:42,03/12/17 00:01:42,03/12/17 00:01:42,0,0,0,0,0,0,0,0,0,0,0,0,0,0,0,0,0
INODE,142,f,664,1028,1028,1,03/12/17 00:01:42,03/12/17 00:01:42,03/12/17 00:01:42,0,0,0,0,0,0,0,0,0,0,0,0,0,0,0,0,0
INODE,143,f,664,1028,1028,1,03/12/17 00:01:42,03/12/17 00:01:42,03/12/17 00:01:42,8192,16,675,676,677,678,679,680,681,682,0,0,0,0,0,0,0
INODE,144,f,664,1028,1028,1,03/12/17 00:01:42,03/12/17 00:01:42,03/12/17 00:01:42,0,0,0,0,0,0,0,0,0,0,0,0,0,0,0,0,0
INODE,145,f,664,1028,1028,1,03/12/17 00:01:42,03/12/17 00:01:42,03/12/17 00:01:42,0,0,0,0,0,0,0,0,0,0,0,0,0,0,0,0,0
INODE,146,f,664,1028,1028,1,03/12/17 00:01:42,03/12/17 00:01:42,03/12/17 00:01:42,6144,12,997,998,999,1000,1001,1002,0,0,0,0,0,0,0,0,0
INODE,147,f,664,1028,1028,1,03/12/17 00:01:42,03/12/17 00:01:42,03/12/17 00:01:42,67604480,18,0,0,0,0,0,0,0,0,0,0,0,0,930,931,956
INODE,148,d,775,1028,1028,2,03/12/17 00:01:42,03/12/17 00:01:42,03/12/17 00:01:42,1024,2,935,0,0,0,0,0,0,0,0,0,0,0,0,0,0
DIRENT,148,0,148,12,1,'.'
DIRENT,148,12,85,12,2,'..'
DIRENT,148,24,150,32,8,'FILE_155'
DIRENT,148,56,152,16,8,'FILE_157'
DIRENT,148,72,153,16,8,'FILE_158'
DIRENT,148,88,154,936,8,'FILE_159'
INODE,149,f,664,1028,1028,1,03/12/17 00:01:42,03/12/17 00:01:42,03/12/17 00:01:42,0,0,0,0,0,0,0,0,0,0,0,0,0,0,0,0,0
INODE,150,f,664,1028,1028,1,03/12/17 00:01:42,03/12/17 00:01:42,03/12/17 00:01:42,0,0,0,0,0,0,0,0,0,0,0,0,0,0,0,0,0
INODE,151,d,775,1028,1028,2,03/12/17 00:01:42,03/12/17 00:01:42,03/12/17 00:01:42,1024,2,963,0,0,0,0,0,0,0,0,0,0,0,0,0,0
DIRENT,151,0,151,12,1,'.'
DIRENT,151,12,85,12,2,'..'
DIRENT,151,24,155,16,8,'FILE_161'
DIRENT,151,40,156,16,8,'FILE_162'
DIRENT,151,56,157,16,8,'FILE_163'
DIRENT,151,72,158,16,8,'FILE_164'
DIRENT,151,88,159,16,8,'FILE_165'
DIRENT,151,104,160,920,8,'FILE_166'
INODE,152,f,664,1028,1028,1,03/12/17 00:01:42,03/12/17 00:01:42,03/12/17 00:01:42,0,0,0,0,0,0,0,0,0,0,0,0,0,0,0,0,0
INODE,153,f,664,1028,1028,1,03/12/17 00:01:42,03/12/17 00:01:42,03/12/17 00:01:42,0,0,0,0,0,0,0,0,0,0,0,0,0,0,0,0,0
INODE,154,f,664,1028,1028,1,03/12/17 00:01:42,03/12/17 00:01:42,03/12/17 00:01:42,0,0,0,0,0,0,0,0,0,0,0,0,0,0,0,0,0
INODE,155,f,664,1028,1028,1,03/12/17 00:01:42,03/12/17 00:01:42,03/12/17 00:01:42,0,0,0,0,0,0,0,0,0,0,0,0,0,0,0,0,0
INODE,156,f,664,1028,1028,1,03/12/17 00:01:42,03/12/17 00:01:42,03/12/17 00:01:42,0,0,0,0,0,0,0,0,0,0,0,0,0,0,0,0,0
INODE,157,f,664,1028,1028,1,03/12/17 00:01:42,03/12/17 00:01:42,03/12/17 00:01:42,0,0,0,0,0,0,0,0,0,0,0,0,0,0,0,0,0
INODE,158,f,664,1028,1028,1,03/12/17 00:01:42,03/12/17 00:01:42,03/12/17 00:01:42,67408896,18,0,0,0,0,0,0,0,0,0,0,0,0,962,1006,965
INODE,159,f,664,1028,1028,1,03/12/17 00:01:42,03/12/17 00:01:42,03/12/17 00:01:42,0,0,0,0,0,0,0,0,0,0,0,0,0,0,0,0,0
INODE,160,f,664,1028,1028,1,03/12/17 00:01:42,03/12/17 00:01:42,03/12/17 00:01:42,0,0,0,0,0,0,0,0,0,0,0,0,0,0,0,0,0
INODE,161,d,775,1028,1028,2,03/12/17 00:01:42,03/12/17 00:01:42,03/12/17 00:01:42,1024,2,979,0,0,0,0,0,0,0,0,0,0,0,0,0,0
DIRENT,161,0,161,12,1,'.'
DIRENT,161,12,85,12,2,'..'
DIRENT,161,24,162,24,16,'Rk+jzjU7iC3Tgp+['
DIRENT,161,48,163,16,8,'FILE_168'
DIRENT,161,64,164,16,8,'FILE_169'
DIRENT,161,80,165,944,8,'FILE_170'
INODE,162,f,664,1028,1028,1,03/12/17 00:01:42,03/12/17 00:01:42,03/12/17 00:01:42,6144,12,989,990,1003,1004,1007,1008,0,0,0,0,0,0,0,0,0
INODE,163,f,664,1028,1028,1,03/12/17 00:01:42,03/12/17 00:01:42,03/12/17 00:01:42,67397632,18,0,0,0,0,0,0,0,0,0,0,0,0,173,453,980
INODE,164,f,664,1028,1028,1,03/12/17 00:01:42,03/12/17 00:01:42,03/12/17 00:01:42,0,0,0,0,0,0,0,0,0,0,0,0,0,0,0,0,0
INODE,165,f,664,1028,1028,1,03/12/17 00:01:42,03/12/17 00:01:42,03/12/17 00:01:42,0,0,0,0,0,0,0,0,0,0,0,0,0,0,0,0,0
INODE,166,d,775,1028,1028,8,03/12/17 00:01:43,03/12/17 00:01:43,03/12/17 00:01:42,1024,2,199,0,0,0,0,0,0,0,0,0,0,0,0,0,0
DIRENT,166,0,166,12,1,'.'
DIRENT,166,12,12,12,2,'..'
DIRENT,166,24,167,16,7,'DIR_172'
DIRENT,166,40,173,16,7,'DIR_176'
DIRENT,166,56,179,16,7,'DIR_180'
DIRENT,166,72,188,16,7,'DIR_237'
DIRENT,166,88,240,16,7,'DIR_244'
DIRENT,166,104,245,920,7,'DIR_248'
INODE,167,d,775,1028,1028,2,03/12/17 00:01:42,03/12/17 00:01:42,03/12/17 00:01:42,1024,2,456,0,0,0,0,0,0,0,0,0,0,0,0,0,0
DIRENT,167,0,167,12,1,'.'
DIRENT,167,12,166,12,2,'..'
DIRENT,167,24,168,28,20,'FILE_n5DL-fLzZk-CGxw'
DIRENT,167,52,169,16,8,'FILE_173'
DIRENT,167,68,170,16,8,'FILE_174'
DIRENT,167,84,171,16,8,'FILE_175'
DIRENT,167,100,172,924,7,'hW!!-u{'
INODE,168,f,664,1028,1028,1,03/12/17 00:01:42,03/12/17 00:01:42,03/12/17 00:01:42,5120,10,201,202,685,457,458,0,0,0,0,0,0,0,0,0,0
INODE,169,f,664,1028,1028,1,03/12/17 00:01:42,03/12/17 00:01:42,03/12/17 00:01:42,0,0,0,0,0,0,0,0,0,0,0,0,0,0,0,0,0
INODE,170,f,664,1028,1028,1,03/12/17 00:01:42,03/12/17 00:01:42,03/12/17 00:01:42,0,0,0,0,0,0,0,0,0,0,0,0,0,0,0,0,0
INODE,171,f,664,1028,1028,1,03/12/17 00:01:42,03/12/17 00:01:42,03/12/17 00:01:42,0,0,0,0,0,0,0,0,0,0,0,0,0,0,0,0,0
INODE,172,f,664,1028,1028,1,03/12/17 00:01:42,03/12/17 00:01:42,03/12/17 00:01:42,4096,8,175,176,177,178,0,0,0,0,0,0,0,0,0,0,0
INODE,173,d,775,1028,1028,2,03/12/17 00:01:42,03/12/17 00:01:42,03/12/17 00:01:42,1024,2,966,0,0,0,0,0,0,0,0,0,0,0,0,0,0
DIRENT,173,0,173,12,1,'.'
DIRENT,173,12,166,12,2,'..'
DIRENT,173,24,174,16,8,'FILE_177'
DIRENT,173,40,175,16,5,'j.u8*'
DIRENT,173,56,176,28,19,'FILE_ExK741k0IIaY59'
DIRENT,173,84,177,16,8,'FILE_178'
DIRENT,173,100,178,924,8,'FILE_179'
INODE,174,f,664,1028,1028,1,03/12/17 00:01:42,03/12/17 00:01:42,03/12/17 00:01:42,0,0,0,0,0,0,0,0,0,0,0,0,0,0,0,0,0
INODE,175,f,664,1028,1028,1,03/12/17 00:01:42,03/12/17 00:01:42,03/12/17 00:01:42,5120,10,179,180,181,182,183,0,0,0,0,0,0,0,0,0,0
INODE,176,f,664,1028,1028,1,03/12/17 00:01:42,03/12/17 00:01:42,03/12/17 00:01:42,0,0,0,0,0,0,0,0,0,0,0,0,0,0,0,0,0
INODE,177,f,664,1028,1028,1,03/12/17 00:01:42,03/12/17 00:01:42,03/12/17 00:01:42,67628032,18,0,0,0,0,0,0,0,0,0,0,0,0,198,246,967
INODE,178,f,664,1028,1028,1,03/12/17 00:01:42,03/12/17 00:01:42,03/12/17 00:01:42,0,0,0,0,0,0,0,0,0,0,0,0,0,0,0,0,0
INODE,179,d,775,1028,1028,2,03/12/17 00:01:42,03/12/17 00:01:42,03/12/17 00:01:42,20480,42,203,204,292,247,248,289,290,193,194,195,196,205,206,0,0
DIRENT,179,0,179,12,1,'.'
DIRENT,179,12,166,1012,2,'..'
DIRENT,179,1024,190,236,225,'LONGNAME_191_JjM0r_.UxAAINb6_2lNUwfUYZ6u-SX4i7jiOeOcnzbTf6qxQtVe95jkDuYiGS-VQfxM9O_XlTuGovujpEAWhFfo0UK9Iiv-v5u4QfnVq9BUXdKTR._7uUI8kx9TyElhd2c8ouo8GddMu_gJ6V6XehxHVDipTr1WcyadOjxIzkiIsWCSdVdiejjC34_uyOVnsIObeOtlZvlEG3QGw2emr'
DIRENT,179,1260,208,236,225,'LONGNAME_209_a6h3ZFzbcj5H-e9Unu2iAyc0.HSMdlImIuML.MqFKfvfeovmKDvz8OLboERSfl0uMroQyzng-WPRTbYkZoubsigwJr1N4Y61zSwD6OfzWLz7XuIWIKKJ.MMpnFYwBvLUeDrzplRbbMUkIV728KJCujk5J3vjw-5tu2brNMz3d2K3tGlI6EhEluioEA37gZqTKFt5mtJ38i.-X4c1cF1y'
DIRENT,179,1496,232,552,225,'LONGNAME_233_5OkSLqs1hVo7oCnilPxDzy1wBAHE1WD6GNzXB.rTxDHoGSb_KhKJeoo3AkwdXXNfrIIR.ZYgXCaCwjwvtRp18gcYlN22nLjloJxDhxyMEk5Ow.YJNMYo6xradZt1nwaYdWW-orZT5HaI3wCrZxAjrJ3OoruL13yHuQ2gcYyy1.yNnpBaAYW15k0KQN0H7smNJ2bpi_6.tqoa6PrGt3zD'
DIRENT,179,2048,182,236,225,'LONGNAME_182_pVMMU4aMbjf4J_X-preHgw8.O_rP1RZ_i8yUNBmG1OXQ4JurVRn-k-8DQpM56xO--3JX44rW77hHQBp2R-vE9Ie0ceOU1NtwyZ5SQMd5KGfCWXBrbu2mfeNpjWsg0xBZyMn5ur6e3XXf-StoIRvtlNxUS3Ehsbr90ZP.FwmGagXByn0q.5c3b9CxZpIFgDUWiqaCldQhnm5TEXa1.uXW'
DIRENT,179,2284,213,236,225,'LONGNAME_214_j-7KRDH9l.rAqj2.bC0JmXiRbdNqaChaOilYAl7u2-I2m9cOPNBQGPlHUs0jitlNGTamVVw73aTSNBImIyKgihHeL32ckI-Mti5f1Djoj-GzIcwDMsmd48rI2d5zPl-s1xGebSZ7_WkYSBQgZLluS-9dRQxEWU.voR.gn2Bi89PisGX5LmO7nZqNXnGd04udYow4KA52HrCYtYsKmrb5'
DIRENT,179,2520,231,552,225,'LONGNAME_232_RYpgjJ-ff.xiqOLyguiVs7rrMk1gPjZWvP7ZoRp1Pfg6Lzp4BY5fv.wmK7Bki8NB9SakfyxIDsL5C_8TWBaClo1uSQFQBTS6ZayTpAvlCBfood.WOSIfe6eRVWqfjvXnmcxDUxLU2.VwS6O-SDQUE9yqk3OrlYc7NdF20M86JYBlcqSUd-BsUex4CgQHFC.Dy2sVgLBF-r7wkMSin_CB'
DIRENT,179,3072,180,472,225,'LONGNAME_180_5ynGJLuU3wXz3Mw3uoBoFlqAfywuWdDJuf300Kp2XkbsLcYp_kC3zNHoxFn0lj42jxExUNE7p4lWUHkFJ9oyk0oVA4AczrmGAx2CjO-H-9iy2yER2pCZ09A7pgLapAiadcZEAVPyBXdX.hZbEyqJ8KlGbTsnCYckjg9QXaINVDZAnTBit1d8n19VKGuBJ4JSs_YJN-JWCCQRQhR2DIQP'
DIRENT,179,3544,224,552,225,'LONGNAME_225_Pr2my80DuR.baYLqYIB_W7R7bIC69.xqkUfDOBFaeOBfj4vwXiTnzufeMgyZu7-8gSmutf_ac7Cr2oSWGfkTOl.YSZmikwMJUQWRrmsHQ.niZ_T667adCMGi9ujoKV.0rJRXQX8hnnM-OCFRAsh11PVUzZxlYfPzlLswTZnlbaGCGLFX3wBHx9nruUpRiFJnj9aR1koClWTJOrR1B8a-'
DIRENT,179,4096,185,16,8,'LINK_187'
DIRENT,179,4112,184,236,225,'LONGNAME_184_hHvUe.BF4xTaJXfDeOt7HKcdLQjzFgYcJ5vELKrmAfS2_DUnsfsnt15SS27oY00zzyLORSI-syNK8R1-YeEwkUqh3Uw7zyYRCsHBfkOvfBgtiPyTH8G-78Fk9qv-usFT9YG_Iaw7d65jUeC4ggSBKDIOQQzhWB0bVDhHbmk.nPaMU8TTo5id3fFPWnXJEytWb-TL-fmANIjFCone17RE'
DIRENT,179,4348,193,236,225,'LONGNAME_194_l7ocvv2DEHF-zKtN1XrQfjEMAvXp2kVuFEUdVf0XALXzUV7gh5oRFpX_fnanv8.jPy-6R1h9WP7VPR5oWH4fmE089Skk_mfcPUPSZXPkdvm6wW03nPuz9SlJuPF2IB83Vf-eUeyRr2pfz_vA5NNwTiqXi626fe3j.Zzs9zhE7cvl82FoE-jAXSqyy3zOoXxfBxxPFeN4lHtY2yM9WHWN'
DIRENT,179,4584,210,536,225,'LONGNAME_211_ODuCdFOmT3SMkSiaoLCCZZc_GSAMD1LHi32226l2Pq33o2Z0bn3X8D5X9DhdsE30u-qRSyIdMps6gqG8O2FiYgmtJr_rxvolg5V_spGd7pL52Os-1z2wfzqDWtppBb.uxJLR7DvMf1UGCw--vsjmlbOCffipS2jlm9PDfzXj.c411T1VT.E_pwnOCyUDgowZW.vQTWNBh5xce9oK51T1'
DIRENT,179,5120,187,236,225,'LONGNAME_188_uT.__g699Mfd_VtFRh.JDYT6qPb12lhQ5UU3FH_1KrY.ve-V.pt3_qTR0F7FBf.DrrJ9R5A7.Qqo9zEErMD3DGFUFtRmLQMV7lyvHbPNN1BgL1wKa-r7PX5n.nanvs44q.3SCck4AeiabG7G_Xqd3jidWr_YxXAQH1ooDsffJuOWnw_8DY8-RDH.hcnUY.gxSO0L1dMvMLWh0oDTdm_Z'
DIRENT,179,5356,205,788,225,'LONGNAME_206_z3XGkdc.jGqMymbyvIrSfc6n8G8rTNBhgtNX.bNYbH3OMDn1rv0v6PLOfugTyEWe7wDZLtyyS.TPNuq6fdECgc99NU5hWkfDZ3lS61zCqh7Rd_5JhrYAZ_lfdh6e8eY.bov7bksvHEm1GTdtAgCPoCH6BZIawAS9_OMBEOWLSsOLdDyxaNps9B.d55NY63hemVNIT0WmFgoSDRdQ-6RD'
DIRENT,179,6144,194,236,225,'LONGNAME_195_DWTTX1_UQIAtJ877paxGn.EehsIu1MFtGK-ynf_ci2P6IMVRKbgLa7knTIZIyE8UIuAgStJRXxlaaHV8ivtgCqPJuJJoSn6BUT-2DgoAij-W9D-YpI9QLkspd79p7MzCObrGlW0UuZ8x8MlgurYbaD_wyCwHDBg0VaOoaqEeidUHEV2hU9iuNckID2BQ6Qaoyr3DjmTVxfvW-8FsGxel'
DIRENT,179,6380,191,788,225,'LONGNAME_192_1ktxue2uZN8q4r4JeAJ5DxjCiq.kUpZhSSYX0SwzzynwqS06s-U8uwMiF5y020P2oQ-8S079QQ2Z51lVmBuWq2WHwHf.2W2UcckROlk8QdoU7u1FLwCD8Y3lGeVyTpKQ4i51hOMX_abn6sMDGOqW7Eh9Hp1ioS_aIco2CUcrH09AXwJK44fYYJjRruifpElpqFY_er6J2KhnV4y659F6'
DIRENT,179,7168,189,236,225,'LONGNAME_190_B2mb1932nt.pX61ZLPqhMkKl_KJtUw_KCk27lYyR6vgZ2SXkBMyFgTf0y7Y3RdOnnBGL4ENVC23o6zUZXxig.Ro6JZLih2dcBQVeIJd3R3YlsFlTQXiXaDYyJoQqEQmgSPh_XGXdLc1218Zp1cPdI1tEB5rLOSzkgjClkFlF9JzJoeyj1k1UuNTHiev.Q_N3K61kvhdoGdWa-bHIFHcC'
DIRENT,179,7404,183,236,225,'LONGNAME_183_C9o_TnvAe60nYh9YEmBBMBqZT9O18uC7T3PqarFvzEpvBnXt_..Yh8ddbgbxZI6i6t.eIV_nlbt3i7-ZRogIyRND4OHyAyvvirQ6V0ojqOrBddfxW1EjmUEsXh8ey2dkV17Fj30OeaPfP6z0CuwL6eUVbbeJMJOHsOgnJNFziMkD2zfybQxblxidEumTx-Jy25o-RDiH.WUPZZfiOHbv'
DIRENT,179,7640,217,236,225,'LONGNAME_218_e2kaEIJcgUt8hXYjjasH-Xw4xq-z.N38vKCMhL21RGBOT7YLkLJ8uQ.7zDixEROUXg_524ZCeQycAbJQOgPgkAqvRC_dxnOEApqzaQhQUH667-FOPXcOt7szV897KPHTBb5J3sovPuvHK68p2NrSW4Lya5mh.UFxqXM03jzJ.lw3BeDIJ3hdRui5hAgJOmAlWxzaNA4nZFzOZOPJ22ZV'
DIRENT,179,7876,230,316,225,'LONGNAME_231_uTDxqACY.e97DR7rPJORGt5Gt.6fYUMm.29.k2eu-DouFIEe8tpmLIoHf9lj4yivq7rH.uvUo7tJao2mGyrVrp8CoDRZn1LJaxa5oizF-Gy2Nsa7pZrFGG7xU-FcMUDWKNLL3YNpsqC-wD92cDMDECkyAGmgYVKu6yYL-VLBlgY7TzSsR4FX_o3QZLXazB5JHN646THb3eW6DU8z1FOW'
DIRENT,179,8192,192,236,225,'LONGNAME_193_lrq5ZkMSPFCA-GCq_tdpoiPuNWV1Z43LvQ5A3pWfdMxNQ6ymwytsTxWb8VxtEtGZV8IvBRGugZvGJ7IWAzZrbvjC7AtgjoXHCDKVH17jdXzi3El5916IiaAEEBf6Asb-kJ3_CKE3l92g_QK3qr3dK2k_eIqOAhZqkqsn6EpP0CEY7WsHDsJ5zvgqUYqQyIpHcr0.c63UGNQ2_rUzLbNJ'
DIRENT,179,8428,196,236,225,'LONGNAME_197_jyg2xhfZ5ydtVqt973fskmQ-yY_X1mY_v5v9C2cG1sbrHB.idGZIfOoWd4WU5lMKrZ15Bwg1Kj2enE7LhK0kfGuaGtCiuZ9P7LKSuAMz2xG68TsStLkW8AO7RLs7vKnqdRJzPHupkZ-Neu5h.JyXWU08HwopKS7KHzM3VyBKEz32nKdlFuAO9Y5MM7cU4w7wTwQ9nWdpP9mwa9c-Pz8b'
DIRENT,179,8664,233,236,225,'LONGNAME_234_zqcmTKUMCI.3AwlrrSr37nkIM4l44Adr734y7zBCcrmDa_jaed5QK2pdarR8p0jQUiO9AJrS5X40DWL2IE6lZHa-pst84lWN5oA8M_hlEcrwK-3N_TMpYdFOa7AWv8k9qrrsomoI5EC1Ysbbvv80V88yu1yrSdO6Ku300eN62sNJBQ1MW1ONBg6MkD-_Dhy3O90y55G3w1BgRr6Vbz2k'
DIRENT,179,8900,234,316,225,'LONGNAME_235_asn8Kl7xkeQhzK.yJsAEuNPzDh8qCfHHSj0-u6QRDT.Xgj0cgh73uQV0penPdv1QRBrYIq5DlX64HMBHBUqoSGB4SYicbnjM_qSOFhs3RoPYJWsSK3W_tPwjKE5gqANaFvX6vV.eeZ-.CPGenX6PegFuW2zILaqNTJ4.nsC_xpXf2GBeLLj1A29ZoskMcJ6b6JkXKFXY-C61RQmPUt.l'
DIRENT,179,9216,185,236,225,'LONGNAME_185_9NzNfZLNvf5.E_HOK5TXCcgpSvYd6B8yRUw4lQKF2OrskQ5W.K6bfzBbMpbEHwi08PAZT4.mcWvNeXNKWw4sGrF7qdHe-nzThMGNEKvUI9H.FguwfclcNAUKHsEwr6T7rsmvltlerJXNblBoO-QQb0Knd4mu7qAJkZAyQf7HCTT0KOrcuSjJm47sbhzavehqtrXY706yKxhlX4lZiK34'
DIRENT,179,9452,202,788,225,'LONGNAME_203_I2HG3Wc8pREnTPP1bEldq2LznljbUGCUIXeY38kD1vY0NnRnVHGz2JCicRpUgDLfOOYcL8YXRcKXK6fewQ.fkcA0b9QtNp4iXbNB2YkbD-M6x905GEp-GYmdHB-bCy1Xm.ljcke9vnoP3OTPXv1JGwmB8hVby4cdkrv2Czl.DxQWygUaRDjbKUO.522ob7UmM6tgvRbbEmviLpO4N3ct'
DIRENT,179,10240,186,236,225,'LONGNAME_187_GmvTfxzAunrU_C8wIFyn-DB99Gdn-iZY3pJGXAMUAhHRIYq9T8Uqd4K_4RrHeuWnYrDYWvEEjSoiLkc4heWW67Q1EBLXu4mm7XDIhrZXbJXRUikaVuQhliuEco5UfQXf6_fI.7p3RpBs6Dm4KXLyF5fZIdKcVqAMTw0firxTeMnX7kwdcZf1T8Q-xaoWWMSInQxKTJ5NFMWvioohCkgi'
DIRENT,179,10476,203,236,225,'LONGNAME_204_1j4GmWR_v8_fKbGUN8vxbHdaE6McL033qvYScIBKnunfqrk2L9TN.i82jvIq.5fOrq98hoeofGBci7y30Xs0ldpoVWswOSySEWYsryBJT.Eu0jeFCdugCPPsGHd2K3XOe9p7jmjCJOtVg_8jVzsm-s3oVp.WhF3AXVS0-5oLr_gF7ja3hmU-LeM-DkrJrOy79S1Qvomo8sZTRSIHe8Z_'
DIRENT,179,10712,225,552,225,'LONGNAME_226_7q3Po0Kx3H95jeqktN5IA-dJNF8AKW6YK_Hy_PJ-uwYfN6wWF8J0hfo0osuEkzRLWsitceyGMexfrv834d3yi_cDxLU0HVvlP31qI3JefcpNRjKi_C5mbKS_JhBjelSiXN6-tMmRxQSaunTWbNOwdlv5XwLlkSVNX3g5yaDM4kRRu5YEOeFI2S55UegVd8eeV31Ujj7dpc3a8ezuaiRq'
DIRENT,179,11264,199,236,225,'LONGNAME_200_5Nul_g9.ZyVqw5S8Xn8HdbP.tgfth65V9rrr7o6sxcuaU4qO19.M0D981GifmapVRJJn-j8NmmuO-aSp0.wM35dXYYhkO2wsB3pTkhs0sWa0uCiziPYw9jWZXowaimi1VQfWIlBEJxH1nGc.tXZl_EoeQkcyq67lsX7uGEbtAtGt0YtZ4RVFzJ6GmqJbPvqVO.oH1FKiZwzA52Phnb7D'
DIRENT,179,11500,201,788,225,'LONGNAME_202_63OZyDYB1pHLmBKBOZgMUl2DC0WH3NC_5jvvTXBT6F9.SgW5eZSQUzyzS4plcJsoPS.3VUb1yEeGfvwIs2tbHHTvrwAM6Dkou04HM.W59X_yoHtUHl7H.sZu2x8lS.xYWzlpnbDZO6JJ7VT6W8v94eySYjQZkXy-z_v3EsazjihB3S1N8VXxid-ESMYlff9tGIJ76yjwQc_2N_lVGN9j'
DIRENT,179,12288,195,236,225,'LONGNAME_196_CXa1.S6PA2NJZuDLYjeGzHyRWJ0dwxRtAXiy0rniC5UL-23-oF3XdI.EkI5fDDl.Zh8X_LInjNts.kSdvBJb8LYieFjC1aO2VnBDfJSTfFBVFbz.TzxitMHiogQWjv48js3iklF6tUnSFUQKd2fmvL6OuLZf5Km_RoJ0F3Eo_dnXC_QhrKX8utkXJsYKcVRH4Et5I.wlZVDdUkuXQqNx'
DIRENT,179,12524,215,788,225,'LONGNAME_216_OG3vLzC4DgkTZ7t_ZVVL2dnwvhhX_GmAhks_AYeziGZ8A0GdVSAZ7cKMrYGUix9tFQuGavamyPHDDxy9p0cpfL_4d2X2Ak1AmEy8CWwFQY6-rQ-JF58SOkXcs5b0NVCMiSjr5sJYK6vEbEBIX8tQO412xgIMKy5J73xl6TCB3bIXSq7t2jwisOspr.ngPOjqSHATZClZbcNnGNM2MlNs'
INDIRECT,179,1,12,206,207
DIRENT,179,13312,200,236,225,'LONGNAME_201_XAuv.703NQI712mdezRZMbU5.gjF_Xf-gOFrx8ok9S-ssPLKOvrY7VuU_jLECmjKvD6VtXZLPr.lqxXexibJs15uFu_rS3nHG7TyAiAxHId0yDYlsJ5V31yR6SmVlywhREOfYmmflI3MYoXz.6URqL.T1JQFdDY3GzIYscr9rhnp-Jf0F4IYSkeZ7Vt7JAk_cZKUQAy1IEe2Qve8HUAq'
DIRENT,179,13548,214,788,225,'LONGNAME_215_1rFHobe4_f-azc4iGii._YM_2Lp9tZ8j.RSk5blOOOArnGrCO9MTdTlCWuTubLgZt5wZCz4yucLKn7tqm5-JVW9dN3dItDRk4GDFEOFJktSYU7a-RX_3jcDOqSYt.d-gO-gfOdZ.NZAOUl0BOk9onvTuJ3CWTHPAt1.DAiggmiBexK.lNJNeGsfWewu6nTJkajedK.mK5saPBi-vA2Xh'
INDIRECT,179,1,13,206,208
DIRENT,179,14336,212,236,225,'LONGNAME_213_4leXzuNot4R6ULSiPQKKlIJj5Jo1LJ.7FJ1CAs7osDEJBymhFAZDMszx.9r2aEKRqGx4H846AKFcqiJHz9uJH9MpXPIpnbroBvZCszJGICuyEDp1q8OmRksQ7FCxzbxMjPAHw91RCTsHI2s.L3mCZtzHluZrS1GQAFITLEjx.i3n7emxVsphZDc14LmI6XBUetdiDwvzUPfdWJY0n0nU'
DIRENT,179,14572,209,236,225,'LONGNAME_210_YojquUQI8KyjQxAljsw8CAc7lQW_ueMXKSHImjxp_5P1QB7PuvO-ePARSuVSEyQABvrUOAfcrz56lARZJ1-4nzszZP7ZFF_tmr42_QYdRHXhFvzFlbb7WeIcD3rCEZPijq-yIhGY._ETrECzjZ-T6I4fgVj.3TF65JMuwspMiqphCj8J2JA.qQC9jlnLskO7utVMlImPLCuxsR0FGVrC'
DIRENT,179,14808,216,236,225,'LONGNAME_217_.6ekZkkF0dEFOi7ShQ6iY1Jw8Q_X7WQ.9ZqUXZQZ2QX7ZQMoHvGPQFJh-F4aDUjNWEnsE_fTYNgog.nKKDJ5OeL-GvISnUn1tdnBwGP9lKfbfo_dtClqKgZ8sEGLHcYI.OyvPeFrEKkDOYGfxZIbOUzhglmsOXN08CQw1oNBwX76_HeZbu2xnpT_qt94SI-g2uAlxk1Eq66K8zt4P_6Z'
DIRENT,179,15044,223,316,225,'LONGNAME_224_Q4LYUUsca3rYDBs6J7EuF08ywqIA2bPygt8fpYso6uGhOvU071Sptjy5sverjeAvsf.FzmTv_RGXypnwErAByccL3YZhtr3awPu0KX73YOU12feohnZIiq8SY5iZMJEXM0JfNuNbMl62kTc-.lzHr5jhc3.-xBr2AZa2UT6M4sq6XOqn063qs.qLR8KEHQ4a8wdHzGMDz4Da.jzG22Zv'
INDIRECT,179,1,14,206,241
DIRENT,179,15360,207,236,225,'LONGNAME_208_LzLNhxqJ6odmh_4yuKzOAaIx2K8SDC2A4-5pjyn8uVMf0WXaUT4GsaOX8Pp4x32d6P610qPHfz4z6hzeJIv8K74XfgaU3HZvq.1HjcpRjRDaIM5-5biEZRHsw1w_Rh.jhID.PyLvOx5BpRx_rD7bvqhrmEFBxiRO2OpnVyDF2aw.0lgMG47vHFLDIZIbIb_62z5ExMb5NUlFXNr_RTla'
DIRENT,179,15596,211,236,225,'LONGNAME_212_j-h1ZBm.1FvFdCkfwOvlIfqwy0Gu.Dvh7dWvv7WgV1pOQpE6Xgi6imXOD-244YFTK1mqy8_g_yaZZulPNXDDBtpFBdzp9JVNUIgCH.gN90ldICPk95uCxor-n68ivg06Gvju8qlWw7ydtH.x6OI5YCBlmnKLZmW1nmW842Tt3nBHhQZPvS4c6KWHQ8yMxQ2TnRc-05wtNXyTugvL3CB4'
DIRENT,179,15832,218,236,225,'LONGNAME_219_8u_UhYpwnLd05kadR3yMYLkw.pRdmSWLQfH.I1HIs5KIstfZWrsiEDP28hVMWCLN60HL7NObmVX6rr8wyTYo.QvB150cCaigo1P3u.zY.OgkdJWgi30tPanjQ7g2zlW4gPTMuAs3EyiousnRwH.upKe5a_ZlHisxRoutz-abjixVj0NIxg09VyDmoMzOd9QqLzY6_i3x1NHoQJFQiUaO'
DIRENT,179,16068,219,316,225,'LONGNAME_220_RPv5KWPWGAKLh6XLfJqKgrfyN5sCB3s8EMdifRKCBCVv2rm0HW.tkK71qrf6.2QteoQ4snFx9Hubvit6odRZsZwEGAWoO3eaS6phQIQR93jjPMtTRZmPoGwV6..7eey8avI-pRvdCrJeo2LOlDA2JSrQoyT69AbClKjdkSR6lTKRr3OkpD7SYyEvRCqX__wDMAIOAB1S1UQtU-XYV8SV'
INDIRECT,179,1,15,206,242
DIRENT,179,16384,204,236,225,'LONGNAME_205_i1gikI56lmniPHU72oJUtGnNOJSjs3dNLcUJmqvFcFGwgmji3IoofLT.CB35.h2AaqCZ8XZ6W_0qpC4ltBqZKE7xmpy82RTK4QkmtXhQ9V.ZQVzYknA9D3VP0VMY9HdMg9qpFzA46lkdxI5n3Kapa2p1LtdTAaY2mlxyURNnMnI7KfmZfUpI0eQbZuLlxrwHtF2W2-9EbOcUISBA7JJX'
DIRENT,179,16620,181,236,225,'LONGNAME_181_8jGFD2AtseUg0YasI76XtJOZ-gaNjWbHUrw.-7OdcXijALssfdq8ujaVDGEUi8TsqMih9LMH6CQE3T5qca0ROXuQZSHYUGLI46WHwJ5-QfhGjX1EDbsR7M0ic5ZMn1r_3cZnjPfLPPZQMIId6SA0DRb1_xK2qyGU3.rs2_JEjpBKS7fC76.gU5f-KCL-MLc4j6qMU.5RH-dpcQk5sEoM'
DIRENT,179,16856,220,236,225,'LONGNAME_221_qFp5_4ekZltLlDO-zVjpgoNykX9ymKhmaYsHTTWoQKEMnoMyPv7387V6u4SWoXZXCxZ_O3Tzb9Hyez0LGyse6rGECnIg5cqSIEwUdGEMOzol.AXcBA2JJuSzO00Jg5IfMdITDOmrNlGKYNcJvsz8Rr8hrKsJJcKO-Hdcrizh7PbEPkcLSuKkAKYfrXNbtdbriaXgoBFdq_uKPwOAW_fk'
DIRENT,179,17092,222,316,225,'LONGNAME_223_b3CW.PtynLH6V7BOMBNM.pBZ0mwXPQSdhmF3d3F2w4muT5V0YDPhWddpOkupqsc.f3rEeGBaXW7lYyoUZowSeF72OyGUUbLvKPNHv4hAZZyVr2ALLjjc4KW79.cBtzEZmU0qg0h5rkzJnhSMiiEIuXS749.r9Sntqhwn6x.6H8LJtLuCxVG9OpdgHVb2EfkF6M6jXA-TlibGtxiXVivo'
INDIRECT,179,1,16,206,243
DIRENT,179,17408,206,236,225,'LONGNAME_207_yghiLRoz7GFncHNsBD.POa0621Y8sqZXcqVfjGhpadejWm.Bw0MFZWtOIDUgmLQU2ola93OOnHPS3hI6QQ2gSd.lyu1-xHVEgEn.cwfp09hy6oey4EcFNq3PCkNbo80fXQ04kew-AFsQjxNy424Ib_TyyZXDlb8WhN_v7ZP337_Jwp1qOrKSi6QS9uA_jjXhK6pOGZIz5ufruEMuhrrA'
DIRENT,179,17644,226,788,225,'LONGNAME_227_tH9CaxRAEXK-IaKSR-TaJMDBGbrVK4OdPEJWeatzMIu7MLv8_xxCOvBLG7_VB1B9iE7nZ_4qGQWTvO6Sq76t1rr0c76.bz6o.xML0o.DDCEU.rW5QRgaXNXtLViX.95Jo.0DJq8OQ7ZHemO_nNJEAp_pbtisyMRmsJdd5.1T0SHOuWHXz92nZ7D4fZ66hzXdHspSDWxwENnGVIoJCnPn'
INDIRECT,179,1,17,206,244
DIRENT,179,18432,227,236,225,'LONGNAME_228_nTQu-rRQKPdy2KAgZDrFxZVD1ZSRZXN4b6ngXXjDk41dC63L47YSmuG.C2S1RV_7vHII4LfqdxgA18gtLsK_ln6z3f_etx4Vwabjrb_b0d_24l_wx7pzZY.xJh3zV0qEzvQOtC2.fT6wKeFf7jrRZGqr.VGT2cIuba0DbSndfQ0-hGA4FgSKGboKupHlVnarkDWK8doD7.kdeFN3P88b'
DIRENT,179,18668,197,788,225,'LONGNAME_198_WG_SC_19MnZwOUiRfU39oO_XrbESFjWBcj4p-dBdu9AZn-DTX-_fd1Nhh8_VSySsk1zIPePHNSxxEHJ5yzh85zQZ42Zsbdvs4DKHWnWldKAEJ01rAwCfvgBGzghCXkg2qmwvUS79OfNiJkcH9bl3ju9EamljBKx6uUFeB4cxAdErKPmjc80eKBw7v76KcOXGALfkxzXefFelFbeeAF_U'
INDIRECT,179,1,18,206,293
DIRENT,179,19456,198,236,225,'LONGNAME_199_FQjjrJQySO9Zh5LseGQmFJWjxS1AAoNM_hd5vL6k7NcAHmm5siNz3pweltDNQyQrca5pMWJ4QBciT0nQF-wdMMuvZPcSLNE9m9HKNuJS9kKaC5Qfeti0AjwE92GhpnfYVOPjE5mWdf6UUMRZBNVYgO6YdCbFr6PLls7wJYqM5kO2-RtsJA9YdzRA2L72nQX5peghX1Ji0jP6.fIZhE9f'
DIRENT,179,19692,221,236,225,'LONGNAME_222_KScVZAvGL3642He5DnqY8NGPbzOkEugCEUJMAC.19lDk25VSlWSm6YhB3Gqrvqo0CRiHn-QG0mpUoZYmWiu7abH_lR0SDCZVOpe.juEWrsS3M-1OdPUaXMyF3JWDjZvCVxywHsJMa1vXkzsw-MMrgAaz1JXmwpZv1m_447iYICDXSFiH4wTTdPxjxpurumIZWxsaCi-h1AKsK9kjmhaL'
DIRENT,179,19928,229,552,225,'LONGNAME_230_QrwQyaGh-wNk33uwPTK_S3Vz5-8cYig6ir3lGQJDldERzLD7izxEYpBsm5SGLHuZRAjI-EQeWEdW9KalRxcBKWnSdg0lHNFfvgK0P7iqRvjVb4Bi0aL0Y.k-AGSQGQPeg92CRc-FfIpsX2JxanSnYmWkELmwTz2oxNBxS7yJKaiygjoGah1fjdZVUO4ZtoZXw8-HgQjlt.lJNW-qACSl'
INDIRECT,179,1,19,206,294
INODE,180,f,664,1028,1028,1,03/12/17 00:01:42,03/12/17 00:01:42,03/12/17 00:01:42,0,0,0,0,0,0,0,0,0,0,0,0,0,0,0,0,0
INODE,181,f,664,1028,1028,1,03/12/17 00:01:42,03/12/17 00:01:42,03/12/17 00:01:42,0,0,0,0,0,0,0,0,0,0,0,0,0,0,0,0,0
INODE,182,f,664,1028,1028,1,03/12/17 00:01:42,03/12/17 00:01:42,03/12/17 00:01:42,0,0,0,0,0,0,0,0,0,0,0,0,0,0,0,0,0
INODE,183,f,664,1028,1028,1,03/12/17 00:01:42,03/12/17 00:01:42,03/12/17 00:01:42,0,0,0,0,0,0,0,0,0,0,0,0,0,0,0,0,0
INODE,184,f,664,1028,1028,1,03/12/17 00:01:42,03/12/17 00:01:42,03/12/17 00:01:42,0,0,0,0,0,0,0,0,0,0,0,0,0,0,0,0,0
INODE,185,f,664,1028,1028,2,03/12/17 00:01:42,03/12/17 00:01:42,03/12/17 00:01:42,0,0,0,0,0,0,0,0,0,0,0,0,0,0,0,0,0
INODE,186,f,664,1028,1028,1,03/12/17 00:01:42,03/12/17 00:01:42,03/12/17 00:01:42,0,0,0,0,0,0,0,0,0,0,0,0,0,0,0,0,0
INODE,187,f,664,1028,1028,1,03/12/17 00:01:42,03/12/17 00:01:42,03/12/17 00:01:42,0,0,0,0,0,0,0,0,0,0,0,0,0,0,0,0,0
INODE,188,d,775,1028,1028,2,03/12/17 00:01:42,03/12/17 00:01:42,03/12/17 00:01:42,1024,2,295,0,0,0,0,0,0,0,0,0,0,0,0,0,0
DIRENT,188,0,188,12,1,'.'
DIRENT,188,12,166,12,2,'..'
DIRENT,188,24,228,16,8,'FILE_238'
DIRENT,188,40,235,16,8,'FILE_239'
DIRENT,188,56,236,16,8,'FILE_240'
DIRENT,188,72,237,16,8,'FILE_241'
DIRENT,188,88,238,16,8,'FILE_242'
DIRENT,188,104,239,920,8,'FILE_243'
INODE,189,f,664,1028,1028,1,03/12/17 00:01:42,03/12/17 00:01:42,03/12/17 00:01:42,0,0,0,0,0,0,0,0,0,0,0,0,0,0,0,0,0
INODE,190,f,664,1028,1028,1,03/12/17 00:01:42,03/12/17 00:01:42,03/12/17 00:01:42,0,0,0,0,0,0,0,0,0,0,0,0,0,0,0,0,0
INODE,191,f,664,1028,1028,1,03/12/17 00:01:42,03/12/17 00:01:42,03/12/17 00:01:42,0,0,0,0,0,0,0,0,0,0,0,0,0,0,0,0,0
INODE,192,f,664,1028,1028,1,03/12/17 00:01:42,03/12/17 00:01:42,03/12/17 00:01:42,0,0,0,0,0,0,0,0,0,0,0,0,0,0,0,0,0
INODE,193,f,664,1028,1028,1,03/12/17 00:01:42,03/12/17 00:01:42,03/12/17 00:01:42,0,0,0,0,0,0,0,0,0,0,0,0,0,0,0,0,0
INODE,194,f,664,1028,1028,1,03/12/17 00:01:42,03/12/17 00:01:42,03/12/17 00:01:42,0,0,0,0,0,0,0,0,0,0,0,0,0,0,0,0,0
INODE,195,f,664,1028,1028,1,03/12/17 00:01:42,03/12/17 00:01:42,03/12/17 00:01:42,0,0,0,0,0,0,0,0,0,0,0,0,0,0,0,0,0
INODE,196,f,664,1028,1028,1,03/12/17 00:01:42,03/12/17 00:01:42,03/12/17 00:01:42,0,0,0,0,0,0,0,0,0,0,0,0,0,0,0,0,0
INODE,197,f,664,1028,1028,1,03/12/17 00:01:42,03/12/17 00:01:42,03/12/17 00:01:42,0,0,0,0,0,0,0,0,0,0,0,0,0,0,0,0,0
INODE,198,f,664,1028,1028,1,03/12/17 00:01:42,03/12/17 00:01:42,03/12/17 00:01:42,0,0,0,0,0,0,0,0,0,0,0,0,0,0,0,0,0
INODE,199,f,664,1028,1028,1,03/12/17 00:01:42,03/12/17 00:01:42,03/12/17 00:01:42,0,0,0,0,0,0,0,0,0,0,0,0,0,0,0,0,0
INODE,200,f,664,1028,1028,1,03/12/17 00:01:42,03/12/17 00:01:42,03/12/17 00:01:42,0,0,0,0,0,0,0,0,0,0,0,0,0,0,0,0,0
INODE,201,f,664,1028,1028,1,03/12/17 00:01:42,03/12/17 00:01:42,03/12/17 00:01:42,0,0,0,0,0,0,0,0,0,0,0,0,0,0,0,0,0
INODE,202,f,664,1028,1028,1,03/12/17 00:01:42,03/12/17 00:01:42,03/12/17 00:01:42,0,0,0,0,0,0,0,0,0,0,0,0,0,0,0,0,0
INODE,203,f,664,1028,1028,1,03/12/17 00:01:42,03/12/17 00:01:42,03/12/17 00:01:42,0,0,0,0,0,0,0,0,0,0,0,0,0,0,0,0,0
INODE,204,f,664,1028,1028,1,03/12/17 00:01:42,03/12/17 00:01:42,03/12/17 00:01:42,0,0,0,0,0,0,0,0,0,0,0,0,0,0,0,0,0
INODE,205,f,664,1028,1028,1,03/12/17 00:01:42,03/12/17 00:01:42,03/12/17 00:01:42,0,0,0,0,0,0,0,0,0,0,0,0,0,0,0,0,0
INODE,206,f,664,1028,1028,1,03/12/17 00:01:42,03/12/17 00:01:42,03/12/17 00:01:42,0,0,0,0,0,0,0,0,0,0,0,0,0,0,0,0,0
INODE,207,f,664,1028,1028,1,03/12/17 00:01:42,03/12/17 00:01:42,03/12/17 00:01:42,0,0,0,0,0,0,0,0,0,0,0,0,0,0,0,0,0
INODE,208,f,664,1028,1028,1,03/12/17 00:01:42,03/12/17 00:01:42,03/12/17 00:01:42,0,0,0,0,0,0,0,0,0,0,0,0,0,0,0,0,0
INODE,209,f,664,1028,1028,1,03/12/17 00:01:42,03/12/17 00:01:42,03/12/17 00:01:42,0,0,0,0,0,0,0,0,0,0,0,0,0,0,0,0,0
INODE,210,f,664,1028,1028,1,03/12/17 00:01:42,03/12/17 00:01:42,03/12/17 00:01:42,0,0,0,0,0,0,0,0,0,0,0,0,0,0,0,0,0
INODE,211,f,664,1028,1028,1,03/12/17 00:01:42,03/12/17 00:01:42,03/12/17 00:01:42,0,0,0,0,0,0,0,0,0,0,0,0,0,0,0,0,0
INODE,212,f,664,1028,1028,1,03/12/17 00:01:42,03/12/17 00:01:42,03/12/17 00:01:42,0,0,0,0,0,0,0,0,0,0,0,0,0,0,0,0,0
INODE,213,f,664,1028,1028,1,03/12/17 00:01:42,03/12/17 00:01:42,03/12/17 00:01:42,0,0,0,0,0,0,0,0,0,0,0,0,0,0,0,0,0
INODE,214,f,664,1028,1028,1,03/12/17 00:01:42,03/12/17 00:01:42,03/12/17 00:01:42,0,0,0,0,0,0,0,0,0,0,0,0,0,0,0,0,0
INODE,215,f,664,1028,1028,1,03/12/17 00:01:42,03/12/17 00:01:42,03/12/17 00:01:42,0,0,0,0,0,0,0,0,0,0,0,0,0,0,0,0,0
INODE,216,f,664,1028,1028,1,03/12/17 00:01:42,03/12/17 00:01:42,03/12/17 00:01:42,0,0,0,0,0,0,0,0,0,0,0,0,0,0,0,0,0
INODE,217,f,664,1028,1028,1,03/12/17 00:01:42,03/12/17 00:01:42,03/12/17 00:01:42,0,0,0,0,0,0,0,0,0,0,0,0,0,0,0,0,0
INODE,218,f,664,1028,1028,1,03/12/17 00:01:42,03/12/17 00:01:42,03/12/17 00:01:42,0,0,0,0,0,0,0,0,0,0,0,0,0,0,0,0,0
INODE,219,f,664,1028,1028,1,03/12/17 00:01:42,03/12/17 00:01:42,03/12/17 00:01:42,0,0,0,0,0,0,0,0,0,0,0,0,0,0,0,0,0
INODE,220,f,664,1028,1028,1,03/12/17 00:01:42,03/12/17 00:01:42,03/12/17 00:01:42,0,0,0,0,0,0,0,0,0,0,0,0,0,0,0,0,0
INODE,221,f,664,1028,1028,1,03/12/17 00:01:42,03/12/17 00:01:42,03/12/17 00:01:42,0,0,0,0,0,0,0,0,0,0,0,0,0,0,0,0,0
INODE,222,f,664,1028,1028,1,03/12/17 00:01:42,03/12/17 00:01:42,03/12/17 00:01:42,0,0,0,0,0,0,0,0,0,0,0,0,0,0,0,0,0
INODE,223,f,664,1028,1028,1,03/12/17 00:01:42,03/12/17 00:01:42,03/12/17 00:01:42,0,0,0,0,0,0,0,0,0,0,0,0,0,0,0,0,0
INODE,224,f,664,1028,1028,1,03/12/17 00:01:42,03/12/17 00:01:42,03/12/17 00:01:42,0,0,0,0,0,0,0,0,0,0,0,0,0,0,0,0,0
INODE,225,f,664,1028,1028,1,03/12/17 00:01:42,03/12/17 00:01:42,03/12/17 00:01:42,0,0,0,0,0,0,0,0,0,0,0,0,0,0,0,0,0
INODE,226,f,664,1028,1028,1,03/12/17 00:01:42,03/12/17 00:01:42,03/12/17 00:01:42,0,0,0,0,0,0,0,0,0,0,0,0,0,0,0,0,0
INODE,227,f,664,1028,1028,1,03/12/17 00:01:42,03/12/17 00:01:42,03/12/17 00:01:42,0,0,0,0,0,0,0,0,0,0,0,0,0,0,0,0,0
INODE,228,f,664,1028,1028,1,03/12/17 00:01:42,03/12/17 00:01:42,03/12/17 00:01:42,3072,6,459,719,720,0,0,0,0,0,0,0,0,0,0,0,0
INODE,229,f,664,1028,1028,1,03/12/17 00:01:42,03/12/17 00:01:42,03/12/17 00:01:42,0,0,0,0,0,0,0,0,0,0,0,0,0,0,0,0,0
INODE,230,f,664,1028,1028,1,03/12/17 00:01:42,03/12/17 00:01:42,03/12/17 00:01:42,0,0,0,0,0,0,0,0,0,0,0,0,0,0,0,0,0
INODE,231,f,664,1028,1028,1,03/12/17 00:01:42,03/12/17 00:01:42,03/12/17 00:01:42,0,0,0,0,0,0,0,0,0,0,0,0,0,0,0,0,0
INODE,232,f,664,1028,1028,1,03/12/17 00:01:42,03/12/17 00:01:42,03/12/17 00:01:42,0,0,0,0,0,0,0,0,0,0,0,0,0,0,0,0,0
INODE,233,f,664,1028,1028,1,03/12/17 00:01:42,03/12/17 00:01:42,03/12/17 00:01:42,0,0,0,0,0,0,0,0,0,0,0,0,0,0,0,0,0
INODE,234,f,664,1028,1028,1,03/12/17 00:01:42,03/12/17 00:01:42,03/12/17 00:01:42,0,0,0,0,0,0,0,0,0,0,0,0,0,0,0,0,0
INODE,235,f,664,1028,1028,1,03/12/17 00:01:42,03/12/17 00:01:42,03/12/17 00:01:42,8192,16,460,461,462,463,464,465,296,297,0,0,0,0,0,0,0
INODE,236,f,664,1028,1028,1,03/12/17 00:01:42,03/12/17 00:01:42,03/12/17 00:01:42,0,0,0,0,0,0,0,0,0,0,0,0,0,0,0,0,0
INODE,237,f,664,1028,1028,1,03/12/17 00:01:42,03/12/17 00:01:42,03/12/17 00:01:42,3072,6,466,467,468,0,0,0,0,0,0,0,0,0,0,0,0
INODE,238,f,664,1028,1028,1,03/12/17 00:01:42,03/12/17 00:01:42,03/12/17 00:01:42,0,0,0,0,0,0,0,0,0,0,0,0,0,0,0,0,0
INODE,239,f,664,1028,1028,1,03/12/17 00:01:42,03/12/17 00:01:42,03/12/17 00:01:42,4096,8,469,470,471,472,0,0,0,0,0,0,0,0,0,0,0
INODE,240,d,775,1028,1028,2,03/12/17 00:01:42,03/12/17 00:01:42,03/12/17 00:01:42,1024,2,686,0,0,0,0,0,0,0,0,0,0,0,0,0,0
DIRENT,240,0,240,12,1,'.'
DIRENT,240,12,166,12,2,'..'
DIRENT,240,24,241,16,8,'FILE_245'
DIRENT,240,40,242,16,8,'FILE_246'
DIRENT,240,56,243,16,8,'FILE_247'
DIRENT,240,72,244,952,20,'FILE_leV-q8cD.6n35DB'
INODE,241,f,664,1028,1028,1,03/12/17 00:01:42,03/12/17 00:01:42,03/12/17 00:01:42,6144,12,473,474,475,476,477,478,0,0,0,0,0,0,0,0,0
INODE,242,f,664,1028,1028,1,03/12/17 00:01:42,03/12/17 00:01:42,03/12/17 00:01:42,0,0,0,0,0,0,0,0,0,0,0,0,0,0,0,0,0
INODE,243,f,664,1028,1028,1,03/12/17 00:01:42,03/12/17 00:01:42,03/12/17 00:01:42,67594240,18,0,0,0,0,0,0,0,0,0,0,0,0,233,257,717
INODE,244,f,664,1028,1028,1,03/12/17 00:01:42,03/12/17 00:01:42,03/12/17 00:01:42,2465,6,298,299,300,0,0,0,0,0,0,0,0,0,0,0,0
INODE,245,d,775,1028,1028,2,03/12/17 00:01:43,03/12/17 00:01:43,03/12/17 00:01:43,1024,2,260,0,0,0,0,0,0,0,0,0,0,0,0,0,0
DIRENT,245,0,245,12,1,'.'
DIRENT,245,12,166,12,2,'..'
DIRENT,245,24,246,16,8,'FILE_249'
DIRENT,245,40,247,32,8,'FILE_250'
DIRENT,245,72,249,952,8,'FILE_252'
INODE,246,f,664,1028,1028,1,03/12/17 00:01:43,03/12/17 00:01:43,03/12/17 00:01:43,0,0,0,0,0,0,0,0,0,0,0,0,0,0,0,0,0
INODE,247,f,664,1028,1028,1,03/12/17 00:01:43,03/12/17 00:01:43,03/12/17 00:01:43,0,0,0,0,0,0,0,0,0,0,0,0,0,0,0,0,0
INODE,249,f,664,1028,1028,1,03/12/17 00:01:43,03/12/17 00:01:43,03/12/17 00:01:43,0,0,0,0,0,0,0,0,0,0,0,0,0,0,0,0,0
